HK0001,长和,长江和记实业有限公司,综合
HK0002,中电控股,中电控股有限公司,电力
HK0003,香港中华煤气,香港中华煤气有限公司,燃气
HK0004,九龙仓集团,九龙仓集团有限公司,地产投资
HK0005,汇丰控股,汇丰控股有限公司,银行
HK0006,电能实业,电能实业有限公司,电力
HK0007,香港金融集团,凯富能源集团有限公司,其他金属矿物
HK0008,电讯盈科,电讯盈科有限公司,通信服务
HK0009,九号运通,九号运通有限公司,地产投资
HK0010,恒隆集团,恒隆集团有限公司,地产投资
HK0011,恒生银行,恒生银行有限公司,银行
HK0012,恒基地产,恒基兆业地产有限公司,房地产
HK0014,希慎兴业,希慎兴业有限公司,地产投资
HK0015,盈信控股,盈信控股有限公司,房屋建筑
HK0016,新鸿基地产,新鸿基地产发展有限公司,地产投资
HK0017,新世界发展,新世界发展有限公司,房地产
HK0018,东方报业集团,东方报业集团有限公司,出版
HK0019,太古股份公司A,太古股份有限公司,综合
HK0020,会德丰,会德丰有限公司,房地产
HK0021,大中华地产控股,大中华地产控股有限公司,房地产
HK0022,茂盛控股,茂盛控股有限公司,酒店
HK0023,东亚银行,东亚银行有限公司,银行
HK0024,宝威控股,宝威控股有限公司,钢铁
HK0025,CHEVALIER INT'L,其士国际集团有限公司,综合
HK0026,中华汽车,中华汽车有限公司,地产投资
HK0027,银河娱乐,银河娱乐集团有限公司,博彩
HK0028,天安,天安中国投资有限公司,房地产
HK0029,达力集团,达力集团有限公司,地产投资
HK0030,万隆控股集团,万隆控股集团有限公司,综合
HK0031,航天控股,中国航天国际控股有限公司,电子元器件
HK0032,港通控股,港通控股有限公司,工用运输
HK0033,亚投金融集团,亚投金融集团有限公司,其他金融
HK0034,九龙建业,九龙建业有限公司,房地产
HK0035,远东发展,远东发展有限公司,房地产
HK0036,远东控股国际,远东控股国际有限公司,服装
HK0037,远东酒店实业,远东酒店实业有限公司,酒店
HK0038,第一拖拉机股份,第一拖拉机股份有限公司,重型机械
HK0039,中国北大荒,中国北大荒产业集团控股有限公司,超市及便利店
HK0040,金山工业,金山工业(集团)有限公司,消费电子
HK0041,鹰君,鹰君集团有限公司,地产投资
HK0042,东北电气,东北电气发展股份有限公司,电子元器件
HK0043,卜蜂国际,卜蜂国际有限公司,饲料
HK0044,香港飞机工程,香港飞机工程有限公司,航空运输
HK0045,大酒店,香港上海大酒店有限公司,酒店
HK0046,科联系统,科联系统集团有限公司,信息化服务
HK0047,合兴集团,合兴集团控股有限公司,餐饮
HK0048,中国汽车内饰,中国汽车内饰集团有限公司,纺织品
HK0050,香港小轮(集团),香港小轮(集团)有限公司,房地产
HK0051,海港企业,海港企业有限公司,房地产
HK0052,FAIRWOOD HOLD,大快活集团有限公司,餐饮
HK0053,国浩集团,国浩集团有限公司,资产管理
HK0054,合和实业,合和实业有限公司,综合
HK0055,中星集团控股,中星集团控股有限公司,包装印刷
HK0056,联合地产(香港),联合地产(香港)有限公司,信贷
HK0057,震雄集团,震雄集团有限公司,电子元器件
HK0058,新威国际,新威国际控股有限公司,混凝土
HK0059,天誉置业,天誉置业(控股)有限公司,房地产
HK0060,香港食品投资,香港食品投资控股有限公司,包装食品
HK0061,绿领控股,绿领控股集团有限公司,煤炭
HK0062,载通,载通国际控股有限公司,公交运输
HK0063,中国烯谷集团,中国烯谷集团有限公司,房地产
HK0064,结好控股,结好控股有限公司,证券
HK0065,弘海高新资源,弘海高新资源有限公司,煤炭
HK0066,港铁公司,香港铁路有限公司,铁路运输
HK0067,旭光高新材料,中国旭光高新材料集团有限公司,化工用品
HK0068,利兴发展,利兴发展有限公司,资产管理
HK0069,香格里拉(亚洲),香格里拉(亚洲)有限公司,酒店
HK0070,金粤控股,金粤控股有限公司,博彩
HK0071,美丽华酒店,美丽华酒店企业有限公司,旅游服务
HK0072,现代传播,现代传播控股有限公司,出版
HK0073,亚洲果业,亚洲果业控股有限公司,水果
HK0075,渝太地产,渝太地产集团有限公司,地产投资
HK0076,南海石油,南海石油控股有限公司,电子元器件
HK0077,进智公共交通,进智公共交通控股有限公司,公交运输
HK0078,REGAL INT'L,富豪酒店国际控股有限公司,酒店
HK0079,世纪建业,世纪建业(集团)有限公司,其他服务
HK0080,中国新经济投资,中国新经济投资有限公司,--
HK0081,中国海外宏洋集团,中国海外宏洋集团有限公司,房地产
HK0082,第一视频,第一视频集团有限公司,网络视频
HK0083,信和置业,信和置业有限公司,房地产
HK0084,宝光实业,宝光实业(国际)有限公司,钟表
HK0085,中电华大科技,中国电子华大科技有限公司,半导体
HK0086,新鸿基公司,新鸿基有限公司,--
HK0087,太古股份公司B,太古股份有限公司,综合
HK0088,TAI CHEUNG HOLD,大昌集团有限公司,房地产
HK0089,大生地产,大生地产发展有限公司,地产投资
HK0090,琥珀能源,琥珀能源有限公司,新能源
HK0091,标准资源控股,标准资源控股有限公司,油气开采
HK0092,冠军科技集团,冠军科技集团有限公司,信息化服务
HK0093,TERMBRAY IND,添利工业国际(集团)有限公司,地产投资
HK0094,绿心集团,绿心集团有限公司,林业及木材
HK0095,绿景中国地产,绿景(中国)地产投资有限公司,房地产
HK0096,YUSEI,友成控股有限公司,电子元器件
HK0097,恒基发展,恒基兆业发展有限公司,百货商城
HK0098,兴发铝业,兴发铝业控股有限公司,铝
HK0099,王氏国际,王氏国际集团有限公司,通信设备
HK0100,白马户外媒体,白马户外媒体有限公司,传媒广告
HK0101,恒隆地产,恒隆地产有限公司,地产投资
HK0102,凯升控股,凯升控股有限公司,博彩
HK0103,首长宝佳,首长宝佳集团有限公司,汽车零部件
HK0104,ASIA COMM HOLD,冠亚商业集团有限公司,钟表
HK0105,凯联国际酒店,凯联国际酒店有限公司,地产投资
HK0106,朗诗绿色集团,朗诗绿色集团有限公司,房地产
HK0107,四川成渝高速公路,四川成渝高速公路股份有限公司,公路运输
HK0108,国锐地产,国锐地产有限公司,物业管理
HK0109,天成国际,天成国际集团控股有限公司,信贷
HK0110,中国长远,中国长远控股有限公司,通信设备
HK0111,信达国际控股,信达国际控股有限公司,证券
HK0112,勒泰集团,勒泰商业地产有限公司,房地产
HK0113,迪生创建,迪生创建(国际)有限公司,服饰配件
HK0114,HERALD HOLD,兴利集团有限公司,玩具
HK0115,钧濠集团,钧濠集团有限公司,房地产
HK0116,周生生,周生生集团国际有限公司,珠宝首饰
HK0117,天利控股集团,天利控股集团有限公司,电子元器件
HK0118,大同机械,大同机械企业有限公司,电子元器件
HK0119,保利置业集团,保利置业集团有限公司,房地产
HK0120,COSMOPOL INT'L,四海国际集团有限公司,房地产
HK0121,卜蜂莲花,卜蜂莲花有限公司,超市及便利店
HK0122,鳄鱼恤,鳄鱼恤有限公司,服装
HK0123,越秀地产,越秀地产股份有限公司,房地产
HK0124,粤海置地,粤海置地控股有限公司,房地产
HK0125,新兴光学,新兴光学集团控股有限公司,眼镜
HK0126,佳宁娜,佳宁娜集团控股有限公司,综合
HK0127,华人置业,华人置业集团有限公司,地产投资
HK0128,安宁控股,安宁控股有限公司,服装配套
HK0129,泛海集团,泛海国际集团有限公司,房地产
HK0130,慕诗国际,慕诗国际集团有限公司,服装
HK0131,卓能(集团),卓能(集团)有限公司,地产投资
HK0132,中国兴业控股,中国兴业控股有限公司,酒店
HK0133,招商局中国基金,招商局中国基金有限公司,--
HK0135,昆仑能源,昆仑能源有限公司,油气开采
HK0136,恒腾网络,恒腾网络集团有限公司,消费电子
HK0137,金辉集团,金辉集团有限公司,港口运输
HK0138,中建富通,中建富通集团有限公司,资产管理
HK0139,中达集团控股,中国软实力科技集团有限公司,半导体
HK0141,大中华集团,大中华集团有限公司,地产投资
HK0142,第一太平,第一太平有限公司,包装食品
HK0143,国安国际,国安国际有限公司,通信设备
HK0144,招商局港口,招商局港口控股有限公司,港口运输
HK0145,香港建屋贷款,香港建屋贷款有限公司,其他服务
HK0146,TAI PING CARPET,太平地毡国际有限公司,纺织品
HK0147,国际商业结算,国际商业结算控股有限公司,房地产
HK0148,建滔集团,建滔化工集团有限公司,电子元器件
HK0149,中国农产品交易,中国农产品交易有限公司,农产品交易
HK0150,HYPEBEAST,--,--
HK0151,中国旺旺,中国旺旺控股有限公司,休闲食品
HK0152,深圳国际,深圳国际控股有限公司,公路运输
HK0153,中国赛特,中国赛特集团有限公司,建筑材料
HK0154,北京控股环境集团,北京控股环境集团有限公司,新能源
HK0155,中国源畅,中国源畅光电能源控股有限公司,新能源
HK0156,力宝华润,力宝华润有限公司,地产投资
HK0157,自然美,自然美生物科技有限公司,化妆品
HK0158,万邦投资,万邦投资有限公司,地产投资
HK0159,布莱克万矿业,布莱克万矿业有限公司,钢铁
HK0160,汉国置业,汉国置业有限公司,地产投资
HK0161,中航国际控股,中航国际控股股份有限公司,电子元器件
HK0162,世纪金花,世纪金花商业控股有限公司,百货商城
HK0163,英皇国际,英皇集团(国际)有限公司,地产投资
HK0164,中国宝力科技,中国宝力科技控股有限公司,旅游服务
HK0165,中国光大控股,中国光大控股有限公司,资产管理
HK0166,新时代能源,新时代能源有限公司,油气开采
HK0167,IDT INT'L,万威国际有限公司,消费电子
HK0168,青岛啤酒股份,青岛啤酒股份有限公司,啤酒
HK0169,万达酒店发展,万达酒店发展有限公司,房地产
HK0170,中国资本,中国资本(控股)有限公司,--
HK0171,银建国际,银建国际实业有限公司,地产投资
HK0172,金榜集团,金榜集团控股有限公司,信贷
HK0173,嘉华国际,嘉华国际集团有限公司,房地产
HK0174,盛洋投资,盛洋投资(控股)有限公司,资产管理
HK0175,吉利汽车,吉利汽车控股有限公司,汽车制造
HK0176,先机企业集团,先机企业集团有限公司,消费电子
HK0177,江苏宁沪高速公路,江苏宁沪高速公路股份有限公司,公路运输
HK0178,莎莎国际,莎莎国际控股有限公司,化妆品
HK0179,德昌电机控股,德昌电机控股有限公司,汽车零部件
HK0180,开达集团,开达集团有限公司,玩具
HK0181,闽港控股,闽港控股有限公司,酒店
HK0182,协合新能源,协合新能源集团有限公司,新能源
HK0183,宏辉集团,宏辉集团控股有限公司,房地产
HK0184,激成投资,激成投资(香港)有限公司,酒店
HK0185,正恒国际控股,正恒国际控股有限公司,地产投资
HK0186,敏捷控股,敏捷控股有限公司,消费电子
HK0187,京城机电股份,北京京城机电股份有限公司,电子元器件
HK0188,新华汇富金融,新华汇富金融控股有限公司,证券
HK0189,东岳集团,东岳集团有限公司,化工用品
HK0190,香港建设(控股),香港建设(控股)有限公司,房地产
HK0191,丽新国际,丽新制衣国际有限公司,地产投资
HK0193,冠中地产,冠中地产有限公司,酒店
HK0194,廖创兴企业,廖创兴企业有限公司,地产投资
HK0195,绿科科技国际,绿科科技国际有限公司,其他金属矿物
HK0196,宏华集团,宏华集团有限公司,气油设备与服务
HK0197,亨泰,亨泰消费品集团有限公司,包装食品
HK0198,星美控股,星美控股集团有限公司,影视
HK0199,德祥地产,德祥地产集团有限公司,房地产
HK0200,新濠国际发展,新濠国际发展有限公司,博彩
HK0201,华大酒店,华大酒店投资有限公司,酒店
HK0202,润中国际控股,润中国际控股有限公司,综合
HK0204,中国投资开发,中国投资开发有限公司,--
HK0205,财讯传媒,财讯传媒集团有限公司,传媒广告
HK0206,华商国际海洋控股,TSC集团控股有限公司,气油设备与服务
HK0207,大悦城地产,大悦城地产有限公司,地产投资
HK0208,保利达资产,保利达资产控股有限公司,房地产
HK0209,瀛晟科学,瀛晟科学有限公司,玩具
HK0210,达芙妮国际,达芙妮国际控股有限公司,鞋类
HK0211,STYLAND HOLD,大凌集团有限公司,证券
HK0212,NANYANG HOLD,南洋集团有限公司,地产投资
HK0213,NATIONAL ELEC H,乐声电子有限公司,电子元器件
HK0214,汇汉控股,汇汉控股有限公司,地产投资
HK0215,和记电讯香港,和记电讯香港控股有限公司,通信服务
HK0216,建业实业,建业实业有限公司,地产投资
HK0217,中国诚通发展集团,中国诚通发展集团有限公司,其他金属矿物
HK0218,申万宏源,申万宏源(香港)有限公司,证券
HK0219,顺豪物业,顺豪物业投资有限公司,酒店
HK0220,统一企业中国,统一企业中国控股有限公司,瓶装水
HK0221,易易壹金融,易易壹金融集团有限公司,房地产
HK0222,闽信集团,闽信集团有限公司,银行
HK0223,易生活控股,易生活控股有限公司,电商及互联网
HK0224,建生国际,建生国际集团有限公司,地产投资
HK0225,博富临置业,博富临置业有限公司,地产投资
HK0226,力宝,力宝有限公司,地产投资
HK0227,第一上海,第一上海投资有限公司,证券
HK0228,中能控股,中国能源开发控股有限公司,油气开采
HK0229,利民实业,利民实业有限公司,家电
HK0230,五矿地产,五矿地产有限公司,房地产
HK0231,平安证券集团控股,平安证劵集团(控股)有限公司,证券
HK0232,中国航空工业国际,中国航空工业国际控股(香港)有限公司,房地产
HK0233,铭源医疗,铭源医疗发展有限公司,生物医药
HK0234,新世纪集团,新世纪集团香港有限公司,旅游服务
HK0235,中策集团,中策集团有限公司,资产管理
HK0236,香港生力啤,香港生力啤酒厂有限公司,啤酒
HK0237,安全货仓,安全货仓有限公司,地产投资
HK0238,长兴国际,长兴国际(集团)控股有限公司,男装
HK0239,白花油,白花油国际有限公司,中药
HK0240,利基控股,利基控股有限公司,建筑工程
HK0241,阿里健康,阿里健康信息技术有限公司,信息化服务
HK0242,信德集团,信德集团有限公司,综合
HK0243,QPL INT'L,品质国际集团有限公司,半导体
HK0244,先施,先施有限公司,百货商城
HK0245,中国民生金融,中国民生金融控股有限公司,化工用品
HK0246,瑞金矿业,瑞金矿业有限公司,贵金属
HK0247,TST PROPERTIES,尖沙咀置业集团有限公司,房地产
HK0248,香港通讯国际控股,香港通讯国际控股有限公司,通信设备
HK0250,中国数码信息,中国数码信息有限公司,信息化服务
HK0251,爪哇控股,爪哇控股有限公司,地产投资
HK0252,华信地产财务,华信地产财务有限公司,包装印刷
HK0253,顺豪控股,顺豪控股有限公司,酒店
HK0254,国家联合资源,国家联合资源控股有限公司,其他金属矿物
HK0255,龙记集团,龙记(百慕达)集团有限公司,电子元器件
HK0256,冠城钟表珠宝,冠城钟表珠宝集团有限公司,钟表
HK0257,中国光大国际,中国光大国际有限公司,新能源
HK0258,汤臣集团,汤臣集团有限公司,房地产
HK0259,亿都(国际控股),亿都(国际控股)有限公司,计算机设备
HK0260,幸福控股,幸福控股(香港)有限公司,油气开采
HK0261,中建置地,中建置地集团有限公司,通信设备
HK0262,迪臣发展国际,迪臣发展国际集团有限公司,房屋建筑
HK0263,高富集团控股,高富集团控股有限公司,证券
HK0264,中玺国际,中玺国际控股有限公司,服饰配件
HK0265,东胜旅游,东胜旅游集团有限公司,旅游服务
HK0266,天德地产,天德地产有限公司,地产投资
HK0267,中信股份,中国中信股份有限公司,综合
HK0268,金蝶国际,金蝶国际软件集团有限公司,软件开发
HK0269,中国资源交通,中国资源交通集团有限公司,公路运输
HK0270,粤海投资,粤海投资有限公司,水务
HK0271,亚证地产,亚证地产有限公司,地产投资
HK0272,瑞安房地产,瑞安房地产有限公司,房地产
HK0273,茂宸集团,茂宸集团控股有限公司,资产管理
HK0274,中富资源,中富资源有限公司,贵金属
HK0275,凯华集团,凯华集团有限公司,房地产
HK0276,蒙古能源,蒙古能源有限公司,煤炭
HK0277,太兴置业,太兴置业有限公司,地产投资
HK0278,华厦置业,华厦置业有限公司,地产投资
HK0279,民众金融科技,民众金融科技控股有限公司,证券
HK0280,景福集团,景福集团有限公司,珠宝首饰
HK0281,川河集团,川河集团有限公司,房地产
HK0282,壹传媒,壹传媒有限公司,出版
HK0283,高银地产,高银地产控股有限公司,--
HK0285,比亚迪电子,比亚迪电子(国际)有限公司,通信设备
HK0286,同佳健康,同佳国际健康产业集团有限公司,健康管理
HK0287,永发置业,永发置业有限公司,地产投资
HK0288,万洲国际,万洲国际有限公司,肉制品
HK0289,WING ON CO,永安国际有限公司,百货商城
HK0290,中国富强金融,中国富强金融集团有限公司,证券
HK0291,华润啤酒,华润啤酒(控股)有限公司,啤酒
HK0292,泛海酒店,泛海酒店集团有限公司,酒店
HK0293,国泰航空,国泰航空有限公司,航空运输
HK0294,长江制衣,长江制衣有限公司,服装
HK0295,江山控股,江山控股有限公司,新能源
HK0296,英皇娱乐酒店,英皇娱乐酒店有限公司,博彩
HK0297,中化化肥,中化化肥控股有限公司,化肥
HK0298,庄士中国,庄士中国投资有限公司,房地产
HK0299,新体育,新体育集团有限公司,体育
HK0300,昆明机床,沈机集团昆明机床股份有限公司,重型机械
HK0303,VTECH HOLDINGS,伟易达集团有限公司,通信设备
HK0305,五菱汽车,五菱汽车集团控股有限公司,汽车零部件
HK0306,冠忠巴士集团,冠忠巴士集团有限公司,公交运输
HK0307,优派能源发展,优派能源发展集团有限公司,煤炭
HK0308,香港中旅,香港中旅国际投资有限公司,旅游服务
HK0309,新华通讯频媒,新华通讯频媒控股有限公司,其他服务
HK0310,嘉进投资国际,嘉进投资国际有限公司,--
HK0311,联泰控股,联泰控股有限公司,服装
HK0312,岁宝百货,岁宝百货控股(中国)有限公司,百货商城
HK0313,裕田中国,裕田中国发展有限公司,房地产
HK0315,数码通电讯,数码通电讯集团有限公司,通信服务
HK0316,东方海外国际,东方海外(国际)有限公司,港口运输
HK0317,中船防务,中船海洋与防务装备股份有限公司,船舶制造
HK0318,黄河实业,黄河实业有限公司,信贷
HK0319,勤美达国际,勤美达国际控股有限公司,--
HK0320,金宝通,金宝通集团有限公司,消费电子
HK0321,德永佳集团,德永佳集团有限公司,纺织品
HK0322,康师傅控股,康师傅控股有限公司,瓶装水
HK0323,马鞍山钢铁股份,马鞍山钢铁股份有限公司,钢铁
HK0326,中国星集团,中国星集团有限公司,博彩
HK0327,百富环球,百富环球科技有限公司,电商及互联网
HK0328,ALCO HOLDINGS,爱高集团有限公司,消费电子
HK0329,东建国际,东建国际控股有限公司,葡萄酒
HK0330,思捷环球,思捷环球控股有限公司,服装
HK0331,丰盛服务集团,丰盛机电控股有限公司,房屋建筑
HK0332,元亨燃气,元亨燃气控股有限公司,油气开采
HK0333,黛丽斯国际,黛丽斯国际有限公司,内衣
HK0334,华显光电,华显光电技术控股有限公司,计算机设备
HK0335,美建集团,美建集团有限公司,证券
HK0336,华宝国际,华宝国际控股有限公司,食品添加剂
HK0337,绿地香港,绿地香港控股有限公司,房地产
HK0338,上海石油化工股份,中国石化上海石油化工股份有限公司,化工用品
HK0339,核心经济投资,安利时投资控股有限公司,--
HK0340,潼关黄金,中国矿业资源集团有限公司,茶
HK0341,大家乐集团,大家乐集团有限公司,餐饮
HK0342,新海能源,新海能源集团有限公司,油气开采
HK0343,文化传信,文化传信集团有限公司,出版
HK0345,VITASOY INT'L,维他奶国际集团有限公司,乳制品
HK0346,延长石油国际,延长石油国际有限公司,油气开采
HK0347,鞍钢股份,鞍钢股份有限公司,钢铁
HK0348,中国智能健康,中国智能健康控股有限公司,玩具
HK0351,亚洲能源物流,亚洲能源物流集团有限公司,港口运输
HK0352,富阳,富阳(中国)控股有限公司,房地产服务
HK0353,能源国际投资,能源国际投资控股有限公司,油气开采
HK0354,中国软件国际,中软国际有限公司,信息化服务
HK0355,世纪城市国际,世纪城市国际控股有限公司,酒店
HK0356,鼎立资本,鼎立资本有限公司,--
HK0357,瑞港集团,海航基础股份有限公司,航空运输
HK0358,江西铜业股份,江西铜业股份有限公司,铜
HK0359,海升果汁,中国海升果汁控股有限公司,果汁饮料
HK0360,新焦点,新焦点汽车技术控股有限公司,其他服务
HK0361,顺龙控股,顺龙控股有限公司,体育用品
HK0362,信阳毛尖,中国天化工集团有限公司,化工用品
HK0363,上海实业控股,上海实业控股有限公司,综合
HK0364,区块链集团,区块链集团有限公司,茶
HK0365,紫光控股,紫光科技(控股)有限公司,电子元器件
HK0366,陆氏集团(越南),陆氏集团(越南控股)有限公司,水泥
HK0367,庄士机构国际,庄士机构国际有限公司,房地产
HK0368,中外运航运,中外运航运有限公司,港口运输
HK0369,永泰地产,永泰地产有限公司,房地产
HK0370,国华,国华集团控股有限公司,消费电子
HK0371,北控水务集团,北控水务集团有限公司,水务
HK0372,保德国际发展,保德国际发展企业有限公司,资产管理
HK0373,联合集团,联合集团有限公司,信贷
HK0374,四洲集团,四洲集团有限公司,包装食品
HK0375,YGM TRADING,YGM贸易有限公司,服装配套
HK0376,云锋金融,云锋金融集团有限公司,证券
HK0377,华君国际集团,华君控股有限公司,包装印刷
HK0378,五龙动力,五龙动力有限公司,资产管理
HK0379,恒嘉融资租赁,中国恒嘉融资租赁集团有限公司,融资租赁
HK0380,冠力国际,冠力国际有限公司,管材
HK0381,侨雄国际,侨雄国际控股有限公司,玩具
HK0382,,威灵控股有限公司,电子元器件
HK0383,中国医疗网络,中国医疗网络有限公司,其他
HK0384,中国燃气,中国燃气控股有限公司,燃气
HK0385,建联集团,建联集团有限公司,房屋建筑
HK0386,中国石油化工股份,中国石油化工股份有限公司,油气开采
HK0387,力丰(集团),力丰(集团)有限公司,电子元器件
HK0388,香港交易所,香港交易及结算所有限公司,其他金融
HK0389,通天酒业,中国通天酒业集团有限公司,葡萄酒
HK0390,中国中铁,中国中铁股份有限公司,建筑工程
HK0391,美亚娱乐资讯,美亚娱乐资讯集团有限公司,影视
HK0392,北京控股,北京控股有限公司,燃气
HK0393,旭日企业,旭日企业有限公司,服装配套
HK0395,中国智能集团,中国智能集团控股有限公司,电商及互联网
HK0396,兴利(香港)控股,兴利(香港)控股有限公司,家具家居
HK0397,权威金融,君阳金融控股有限公司,证券
HK0398,东方表行集团,东方表行集团有限公司,钟表
HK0399,领航医药生物科技,领航医药及生物科技有限公司,化妆品
HK0400,科通芯城,科通芯城集团,电商及互联网
HK0401,万嘉集团,万嘉集团控股有限公司,医药商业
HK0402,天下图控股,天下图控股有限公司,软件开发
HK0403,星光集团,星光集团有限公司,包装印刷
HK0404,新昌集团控股,新昌集团控股有限公司,房屋建筑
HK0406,有利集团,有利集团有限公司,房屋建筑
HK0408,叶氏化工集团,叶氏化工集团有限公司,化工用品
HK0410,SOHO中国,SOHO中国有限公司,地产投资
HK0411,南顺(香港),南顺(香港)有限公司,面粉
HK0412,中国山东高速金融,中国山东高速金融集团有限公司,融资租赁
HK0413,南华集团控股,南华集团控股有限公司,玩具
HK0416,锦州银行,锦州银行股份有限公司,银行
HK0417,谢瑞麟,谢瑞麟珠宝(国际)有限公司,珠宝首饰
HK0418,方正控股,方正控股有限公司,软件开发
HK0419,华谊腾讯娱乐,华谊腾讯娱乐有限公司,健康管理
HK0420,福田实业,福田实业(集团)有限公司,纺织品
HK0422,越南制造加工出口,越南制造加工出口(控股)有限公司,汽车零部件
HK0423,经济日报集团,香港经济日报集团有限公司,出版
HK0425,敏实集团,敏实集团有限公司,汽车零部件
HK0426,万华媒体,万华媒体集团有限公司,出版
HK0428,中国天弓控股,汇嘉中国控股有限公司,--
HK0430,东方网库,东方网库控股有限公司,资产管理
HK0431,大中华金融,大中华金融控股有限公司,综合
HK0432,盈大地产,盈科大衍地产发展有限公司,房地产
HK0433,北方矿业,北方矿业股份有限公司,其他金属矿物
HK0434,博雅互动,博雅互动国际有限公司,软件开发
HK0436,新宇环保,新宇环保集团有限公司,环保工程
HK0438,彩虹新能源,彩虹集团新能源股份有限公司,新能源
HK0439,光启科学,光启科学有限公司,卫星及无线通信
HK0440,大新金融,大新金融集团有限公司,银行
HK0442,海福德集团,海福德集团控股有限公司,珠宝首饰
HK0444,SINCEREWATCH HK,Sincere Watch (Hong Kong) Ltd.,钟表
HK0445,中集天达,中国消防企业集团有限公司,电子元器件
HK0449,志高控股,志高控股有限公司,家电
HK0450,鸿兴印刷集团,鸿兴印刷集团有限公司,包装印刷
HK0451,协鑫新能源,协鑫新能源控股有限公司,新能源
HK0455,天大药业,天大药业有限公司,药品
HK0456,新城市建设发展,新城市建设发展集团有限公司,地产投资
HK0458,联亚集团,联亚集团有限公司,服装配套
HK0459,美联工商铺,美联工商铺有限公司,房地产服务
HK0460,四环医药,四环医药控股集团有限公司,药品
HK0462,天然乳品,天然乳品(新西兰)控股有限公司,乳制品
HK0464,建福集团,建福集团控股有限公司,家电
HK0465,富通科技,富通科技发展控股有限公司,计算机设备
HK0467,联合能源集团,联合能源集团有限公司,油气开采
HK0468,纷美包装,纷美包装有限公司,包装印刷
HK0469,凯普松国际,凯普松国际电子有限公司,电子元器件
HK0471,中播控股,中国移动多媒体广播控股有限公司,卫星及无线通信
HK0472,新丝路文旅,新丝路文旅有限公司,葡萄酒
HK0474,昊天发展集团,昊天发展集团有限公司,信贷
HK0475,中发展控股,中发展控股有限公司,珠宝首饰
HK0476,中国动力控股,中国动力(控股)有限公司,铜
HK0479,华建控股,华建控股有限公司,计算机设备
HK0480,香港兴业国际,香港兴业国际集团有限公司,房地产
HK0482,圣马丁国际,圣马丁国际控股有限公司,消费电子
HK0483,包浩斯国际,包浩斯国际(控股)有限公司,服装
HK0484,云游控股,云游控股有限公司,软件开发
HK0485,中国华星,中国华星集团有限公司,消费电子
HK0486,俄铝,俄铝,铝
HK0487,实德环球,实德环球有限公司,旅游服务
HK0488,丽新发展,丽新发展有限公司,地产投资
HK0489,东风集团股份,东风汽车集团股份有限公司,汽车制造
HK0491,英皇文化产业,英皇文化产业集团有限公司,影视
HK0493,国美零售,国美零售控股有限公司,家电
HK0494,利丰,利丰有限公司,服装配套
HK0495,PALADIN,百利大有限公司,地产投资
HK0496,卡森国际,卡森国际控股有限公司,家具家居
HK0497,资本策略地产,资本策略地产有限公司,房地产
HK0498,保华集团,保华集团有限公司,房屋建筑
HK0499,青岛控股,青岛控股国际有限公司,地产投资
HK0500,先丰服务集团,先丰服务集团有限公司,航空运输
HK0503,朗生医药,朗生医药控股有限公司,药品
HK0505,欢悦互娱,欢悦互娱控股有限公司,铜
HK0506,中国食品,中国食品有限公司,葡萄酒
HK0508,鼎亿集团投资,鼎亿集团投资有限公司,信贷
HK0509,世纪阳光,世纪阳光集团控股有限公司,化肥
HK0510,时富金融服务集团,时富金融服务集团有限公司,证券
HK0511,电视广播,电视广播有限公司,有线电视
HK0512,远大医药,远大医药健康控股有限公司,药品
HK0513,恒和集团,恒和珠宝集团有限公司,珠宝首饰
HK0515,达进东方照明,达进东方照明控股有限公司,电子元器件
HK0517,中远海运国际,中远海运国际(香港)有限公司,港口运输
HK0518,同得仕(集团),同得仕(集团)有限公司,女装
HK0519,实力建业,实力建业集团有限公司,地产投资
HK0520,呷哺呷哺,呷哺呷哺餐饮管理(中国)控股有限公司,餐饮
HK0521,CWT INT'L,CWT International Limited,信息化服务
HK0522,ASM PACIFIC,ASM Pacific Technology Ltd.,半导体
HK0524,长城一带一路,e-Kong Group Ltd.,通信服务
HK0525,广深铁路股份,广深铁路股份有限公司,铁路运输
HK0526,利时集团控股,利时集团(控股)有限公司,家具家居
HK0527,瑞风新能源,中国瑞风新能源控股有限公司,新能源
HK0528,金达控股,金达控股有限公司,纺织品
HK0529,SIS INT'L,新龙国际集团有限公司,通信设备
HK0530,高银金融,高银金融(集团)有限公司,信贷
HK0531,顺诚,顺诚控股有限公司,--
HK0532,WKK INTL (HOLD),Wong's Kong King International (Holdings) Limited,电子元器件
HK0533,金利来集团,金利来集团有限公司,男装
HK0535,金地商置,金地商置集团有限公司,房地产
HK0536,贸易通,贸易通电子贸易有限公司,电商及互联网
HK0538,味千(中国),味千(中国)控股有限公司,餐饮
HK0539,冠华国际控股,冠华国际控股有限公司,纺织品
HK0540,迅捷环球控股,迅捷环球控股有限公司,服装配套
HK0542,富元国际集团,富元国际集团有限公司,酒店
HK0543,太平洋网络,太平洋网络有限公司,电商及互联网
HK0544,大同集团,大同集团有限公司,物流
HK0546,阜丰集团,阜丰集团有限公司,食品添加剂
HK0547,数字王国,数字王国集团有限公司,影视
HK0548,深圳高速公路股份,深圳高速公路股份有限公司,公路运输
HK0549,奇峰化纤,吉林奇峰化纤股份有限公司,--
HK0550,KK文化,KK文化控股有限公司,传媒广告
HK0551,裕元集团,裕元工业(集团)有限公司,鞋类
HK0552,中国通信服务,中国通信服务股份有限公司,通信设备
HK0553,南京熊猫电子股份,南京熊猫电子股份有限公司,通信设备
HK0554,汉思能源,汉思能源有限公司,气油设备与服务
HK0555,御泰中彩控股,御泰中彩控股有限公司,彩票
HK0556,泛亚环保,泛亚环保集团有限公司,环保工程
HK0557,天元医疗,中国天元医疗集团有限公司,酒店
HK0558,力劲科技,力劲科技集团有限公司,电子元器件
HK0559,德泰新能源集团,德泰新能源集团有限公司,信贷
HK0560,珠江船务,珠江船务企业(股份)有限公司,港口运输
HK0563,上实城市开发,上海实业城市开发集团有限公司,房地产
HK0564,郑煤机,郑州煤矿机械集团股份有限公司,重型机械
HK0565,锦艺集团控股,锦艺集团控股有限公司,地产投资
HK0566,汉能薄膜发电,汉能薄膜发电集团有限公司,新能源
HK0567,大昌微线集团,大昌微线集团有限公司,电子元器件
HK0568,山东墨龙,山东墨龙石油机械股份有限公司,气油设备与服务
HK0569,中国自动化,中国自动化集团有限公司,信息化服务
HK0570,中国中药,中国中药控股有限公司,中药
HK0571,丰德丽控股,丰德丽控股有限公司,影视
HK0572,未来世界金融,未来世界金融控股有限公司,电商及互联网
HK0573,稻香控股,稻香控股有限公司,餐饮
HK0574,百信国际,百信国际控股有限公司,医药商业
HK0575,励晶太平洋,励晶太平洋集团有限公司,其他
HK0576,浙江沪杭甬,浙江沪杭甬高速公路股份有限公司,公路运输
HK0577,南岸集团,十三集团有限公司,房屋建筑
HK0578,融信资源,融信资源控股有限公司,煤炭
HK0579,京能清洁能源,北京京能清洁能源电力股份有限公司,电力
HK0580,赛晶电力电子,赛晶电力电子集团有限公司,电子元器件
HK0581,中国东方集团,中国东方集团控股有限公司,钢铁
HK0582,蓝鼎国际,蓝鼎国际发展有限公司,博彩
HK0583,长城环亚控股,长城环亚控股有限公司,地产投资
HK0585,意马国际,意马国际控股有限公司,证券
HK0586,海螺创业,中国海螺创业控股有限公司,环保工程
HK0587,华瀚健康,华瀚健康产业控股有限公司,药品
HK0588,北京北辰实业股份,北京北辰实业股份有限公司,房地产
HK0589,宝国国际,宝国国际控股有限公司,服装配套
HK0590,六福集团,六福集团(国际)有限公司,珠宝首饰
HK0591,中国高精密,中国高精密自动化集团有限公司,电子元器件
HK0592,BOSSINI INT'L,堡狮龙国际有限公司,服装配套
HK0593,梦东方,梦东方集团有限公司,房地产
HK0595,AV CONCEPT HOLD,先思行集团有限公司,半导体
HK0596,浪潮国际,浪潮国际有限公司,软件开发
HK0598,中国外运,中国外运股份有限公司,港口运输
HK0599,怡邦行控股,怡邦行控股有限公司,家具家居
HK0600,中国基建投资,中国基建投资有限公司,气油设备与服务
HK0601,稀镁科技,权智(国际)有限公司,消费电子
HK0602,佳华百货控股,佳华百货控股有限公司,百货商城
HK0603,中油燃气,中油燃气集团有限公司,燃气
HK0604,深圳控股,深圳控股有限公司,房地产
HK0605,中国金融投资管理,中国金融投资管理有限公司,信贷
HK0606,中国粮油控股,中国粮油控股有限公司,食用油
HK0607,丰盛控股,丰盛控股有限公司,环保工程
HK0608,达利国际,达利国际集团有限公司,服装
HK0609,天德化工,天德化工控股有限公司,化工用品
HK0610,WAI KEE HOLD,惠记集团有限公司,建筑工程
HK0611,中国核能科技,中国核能科技集团有限公司,新能源
HK0612,中国鼎益丰,中国投资基金国际控股有限公司,--
HK0613,YUGANG INT'L,渝港国际有限公司,地产投资
HK0616,高山企业,高山企业有限公司,房地产
HK0617,百利保控股,百利保控股有限公司,酒店
HK0618,北大资源,北大资源(控股)有限公司,房地产
HK0619,南华金融,南华金融控股有限公司,证券
HK0620,大唐西市,大唐西市丝路投资控股有限公司,珠宝首饰
HK0621,坛金矿业,坛金矿业有限公司,贵金属
HK0622,威华达控股,威华达控股有限公司,证券
HK0623,中视金桥,中视金桥国际传媒控股有限公司,传媒广告
HK0626,大众金融控股,大众金融控股有限公司,银行
HK0627,福晟国际,福晟国际控股集团有限公司,建筑材料
HK0628,国美金融科技,国美金融科技有限公司,信贷
HK0629,悦达国际控股,悦达矿业控股有限公司,其他金属矿物
HK0630,隽泰控股,隽泰控股有限公司,医疗器械
HK0631,三一国际,三一重装国际控股有限公司,重型机械
HK0632,东方明珠石油,东方明珠石油有限公司,油气开采
HK0633,中国全通,中国全通(控股)有限公司,卫星及无线通信
HK0635,彩星集团,彩星集团有限公司,玩具
HK0636,嘉里物流,嘉里物流联网有限公司,物流
HK0637,利记,利记控股有限公司,其他金属矿物
HK0638,建溢集团,建溢集团有限公司,家电
HK0639,首钢资源,首钢福山资源集团有限公司,煤炭
HK0640,星谦发展,星谦发展控股有限公司,化工用品
HK0641,中国恒天立信国际,中国恒天立信国际有限公司,电子元器件
HK0643,恒富控股,恒富控股有限公司,服装
HK0645,安域亚洲,安域亚洲有限公司,煤炭
HK0646,中国环保科技,中国环保科技控股有限公司,水务
HK0647,JOYCE BOUTIQUE,Joyce Boutique Holdings Ltd.,服装配套
HK0648,中国华仁医疗,中国华仁医疗有限公司,医疗器械
HK0650,IDG能源投资,IDG能源投资集团有限公司,油气开采
HK0651,中海重工,中海重工集团有限公司,汽车零部件
HK0653,卓悦控股,卓悦控股有限公司,化妆品
HK0655,香港华人有限公司,香港华人有限公司,房地产
HK0656,复星国际,复星国际有限公司,综合
HK0657,环科国际,环科国际集团有限公司,餐饮
HK0658,中国高速传动,中国高速传动设备集团有限公司,通用设备
HK0659,新创建集团,新创建集团有限公司,综合
HK0660,伟俊矿业集团,伟俊矿业集团有限公司,化肥
HK0661,中国大冶有色金属,中国大冶有色金属矿业有限公司,铜
HK0662,亚洲金融,亚洲金融集团有限公司,保险
HK0663,金山能源,金山能源集团有限公司,贵金属
HK0665,海通国际,海通国际证券集团有限公司,证券
HK0666,新工投资,新工投资有限公司,--
HK0668,东银国际控股,东银国际控股有限公司,信贷
HK0669,创科实业,创科实业有限公司,家电
HK0670,中国东方航空股份,中国东方航空股份有限公司,航空运输
HK0672,众安房产,众安房产有限公司,房地产
HK0673,中国卫生集团,中国卫生集团有限公司,其他
HK0674,中国唐商,中国唐商控股有限公司,综合
HK0675,坚宝国际,坚宝国际控股有限公司,电子元器件
HK0676,创信国际,创信国际控股有限公司,鞋类
HK0677,金源米业,金源米业国际有限公司,大米
HK0678,云顶香港,云顶香港有限公司,旅游服务
HK0679,亚洲联网科技,亚洲联网科技有限公司,电子元器件
HK0680,南海控股,南海控股有限公司,影视
HK0681,中民控股,中民控股有限公司,燃气
HK0682,超大现代,超大现代农业(控股)有限公司,蔬菜
HK0683,嘉里建设,嘉里建设有限公司,房地产
HK0684,亚伦国际,亚伦国际集团有限公司,家电
HK0685,世界华文媒体,世界华文媒体有限公司,出版
HK0686,熊猫绿能,熊猫绿色能源集团有限公司,新能源
HK0687,香港国际建投,香港国际建设投资管理集团有限公司,建筑工程
HK0688,中国海外发展,中国海外发展有限公司,房地产
HK0689,长盈集团(控股),长盈集团(控股)有限公司,油气开采
HK0690,联康生物科技集团,联康生物科技集团有限公司,药品
HK0691,山水水泥,中国山水水泥集团有限公司,水泥
HK0692,神舟乐园,中国家居控股有限公司,家具家居
HK0693,陈唱国际,陈唱国际有限公司,汽车经销
HK0694,北京首都机场股份,北京首都国际机场股份有限公司,航空运输
HK0695,东吴水泥,东吴水泥国际有限公司,水泥
HK0696,中国民航信息网络,中国民航信息网络股份有限公司,信息化服务
HK0697,SHOUGANG INT'L,首长国际企业有限公司,钢铁
HK0698,通达集团,通达集团控股有限公司,通信设备
HK0699,神州租车,神州租车有限公司,汽车租赁
HK0700,腾讯控股,腾讯控股有限公司,电商及互联网
HK0701,CNT GROUP,北海集团有限公司,涂料
HK0702,中国油气控股,中国油气控股有限公司,油气开采
HK0703,FUTURE BRIGHT,佳景集团有限公司,餐饮
HK0704,和嘉控股,和嘉资源控股有限公司,煤炭
HK0705,鼎和矿业,鼎和矿业控股有限公司,其他金属矿物
HK0706,美丽中国控股,美丽中国控股有限公司,林业及木材
HK0707,亚洲电视控股,协盛协丰控股有限公司,纺织品
HK0708,恒大健康,恒大健康产业集团有限公司,出版
HK0709,佐丹奴国际,佐丹奴国际有限公司,服装配套
HK0710,京东方精电,京东方精电有限公司,计算机设备
HK0711,亚洲联合基建控股,亚洲联合基建控股有限公司,建筑工程
HK0712,卡姆丹克太阳能,卡姆丹克太阳能系统集团有限公司,新能源
HK0713,世界(集团),世界(集团)有限公司,家具家居
HK0715,中泛控股,中泛控股有限公司,地产投资
HK0716,胜狮货柜,胜狮货柜企业有限公司,物流
HK0717,英皇证券,英皇证券集团有限公司,证券
HK0718,太和控股,太和控股有限公司,资产管理
HK0719,山东新华制药股份,山东新华制药股份有限公司,药品
HK0720,意达利控股,意达利控股有限公司,汽车经销
HK0721,中国金融国际,中国金融国际投资有限公司,--
HK0722,联合医务,联合医务集团有限公司,健康管理
HK0723,永保林业,永保林业控股有限公司,林业及木材
HK0724,瑞鑫国际集团,瑞鑫国际集团有限公司,半导体
HK0725,恒都集团,恒都集团有限公司,电子元器件
HK0726,中民筑友智造科技,中民筑友科技集团有限公司,房地产
HK0727,皇冠环球集团,皇冠环球集团有限公司,酒店
HK0728,中国电信,中国电信股份有限公司,通信服务
HK0729,五龙电动车,五龙电动车(集团)有限公司,新能源
HK0730,SHOUGANG GRAND,首长四方(集团)有限公司,融资租赁
HK0731,森信纸业集团,森信纸业集团有限公司,纸制品
HK0732,信利国际,信利国际有限公司,计算机设备
HK0733,合富辉煌,合富辉煌集团控股有限公司,房地产服务
HK0735,中国电力清洁能源,中国电力清洁能源发展有限公司,新能源
HK0736,中国置业投资,中国置业投资控股有限公司,地产投资
HK0737,合和公路基建,合和公路基建有限公司,公路运输
HK0738,莱尔斯丹,莱尔斯丹控股有限公司,鞋类
HK0743,亚洲水泥(中国),亚洲水泥(中国)控股公司,水泥
HK0745,中国国家文化产业,中国国家文化产业集团有限公司,传媒广告
HK0746,理文化工,理文化工有限公司,化工用品
HK0747,沈阳公用发展股份,沈阳公用发展股份有限公司,房屋建筑
HK0750,兴业太阳能,中国兴业太阳能技术控股有限公司,幕墙
HK0751,创维数码,创维数码控股有限公司,消费电子
HK0752,PICO FAR EAST,笔克远东集团有限公司,传媒广告
HK0753,中国国航,中国国际航空股份有限公司,航空运输
HK0754,合生创展集团,合生创展集团有限公司,房地产
HK0755,上海证大,上海证大房地产有限公司,房地产
HK0756,森美控股,森美(集团)控股有限公司,果汁饮料
HK0757,阳光能源,阳光能源控股有限公司,新能源
HK0758,新华联资本,庄胜百货集团有限公司,其他金属矿物
HK0759,CEC INT'L HOLD,CEC国际控股有限公司,超市及便利店
HK0760,新天地产集团,新天地产集团有限公司,房地产
HK0761,百营环球资源,百营环球资源控股有限公司,煤炭
HK0762,中国联通,中国联合网络通信(香港)股份有限公司,通信服务
HK0763,中兴通讯,中兴通讯股份有限公司,通信设备
HK0764,永恒策略,永恒策略投资有限公司,珠宝首饰
HK0765,PERFECTECH INTL,威发国际集团有限公司,玩具
HK0766,中盈集团控股,中盈(集团)控股有限公司,信贷
HK0767,亚太丝路投资,太平洋实业控股有限公司,信贷
HK0768,开明投资,开明投资有限公司,--
HK0769,中国稀土,中国稀土控股有限公司,其他金属矿物
HK0770,SHANGHAI GROWTH,沪光国际上海发展投资有限公司,--
HK0771,自动系统,自动系统集团有限公司,信息化服务
HK0772,阅文集团,--,--
HK0775,长江生命科技,长江生命科技集团有限公司,药品
HK0776,帝国集团环球控股,帝国集团环球控股有限公司,家具家居
HK0777,网龙,网龙网络控股有限公司,软件开发
HK0780,同程艺龙,--,--
HK0784,凌锐控股,--,--
HK0787,利标品牌,利标品牌有限公司,童装
HK0788,中国铁塔,--,--
HK0789,领视控股,领视控股有限公司,珠宝首饰
HK0794,锦胜集团(控股),锦胜集团(控股)有限公司,纸制品
HK0797,第七大道,--,--
HK0798,中电光谷,中电光谷联合控股有限公司,房地产
HK0799,IGG,IGG Inc,软件开发
HK0800,A8新媒体,A8新媒体集团有限公司,音乐
HK0801,金卫医疗,金卫医疗集团有限公司,医疗器械
HK0802,中国钱包,中国钱包支付集团有限公司,软件开发
HK0803,昌兴国际,昌兴国际控股(香港)有限公司,钢铁
HK0804,鼎石资本,鼎石资本有限公司,证券
HK0805,Glencore-S,Glencore plc,--
HK0806,惠理集团,惠理集团有限公司,资产管理
HK0807,上海实业环境,--,--
HK0809,大成生化科技,大成生化科技集团有限公司,化肥
HK0810,中国互联网投资,中国互联网投资金融集团有限公司,--
HK0811,新华文轩,新华文轩出版传媒股份有限公司,出版
HK0812,西证国际证券,西证国际证券股份有限公司,证券
HK0813,世茂房地产,世茂房地产控股有限公司,房地产
HK0814,北京京客隆,北京京客隆商业集团股份有限公司,超市及便利店
HK0815,中国白银集团,中国白银集团有限公司,贵金属
HK0816,华电福新,华电福新能源股份有限公司,新能源
HK0817,中国金茂,中国金茂控股集团有限公司,房地产
HK0818,高阳科技,高阳科技(中国)有限公司,信息化服务
HK0819,天能动力,天能动力国际有限公司,新能源
HK0821,汇盈控股,汇盈控股有限公司,证券
HK0822,嘉瑞国际,嘉瑞国际控股有限公司,电子元器件
HK0825,新世界百货中国,新世界百货中国有限公司,百货商城
HK0826,天工国际,天工国际有限公司,钢铁
HK0827,玖源集团,玖源化工(集团)有限公司,化肥
HK0828,王朝酒业,王朝酒业集团有限公司,葡萄酒
HK0829,神冠控股,神冠控股(集团)有限公司,包装食品
HK0830,远东环球,远东环球集团有限公司,幕墙
HK0831,利亚零售,利亚零售有限公司,超市及便利店
HK0832,建业地产,建业地产股份有限公司,房地产
HK0833,华讯,华讯股份有限公司,家电
HK0834,康大食品,中国康大食品有限公司,肉制品
HK0835,亚洲煤业,亚洲煤业有限公司,煤炭
HK0836,华润电力,华润电力控股有限公司,电力
HK0837,谭木匠,谭木匠控股有限公司,家具家居
HK0838,亿和控股,亿和精密工业控股有限公司,电子元器件
HK0839,中教控股,--,--
HK0840,天业节水,新疆天业节水灌溉股份有限公司,电子元器件
HK0841,木薯资源,亚洲木薯资源控股有限公司,新能源
HK0842,理士国际,理士国际技术有限公司,新能源
HK0844,广泰国际控股,广泰国际控股有限公司,内衣
HK0845,恒盛地产,恒盛地产控股有限公司,房地产
HK0846,明发集团,明发集团(国际)有限公司,房地产
HK0847,哈萨克矿业－S,哈萨克矿业有限公司,--
HK0848,茂业国际,茂业国际控股有限公司,百货商城
HK0850,投融长富,投融长富集团有限公司,电子元器件
HK0851,盛源控股,盛源控股有限公司,资产管理
HK0852,海峡石油化工,海峡石油化工控股有限公司,油气开采
HK0853,微创医疗,微创医疗科学有限公司,医疗器械
HK0854,威雅利,威雅利电子(集团)有限公司,半导体
HK0855,中国水务,中国水务集团有限公司,水务
HK0856,伟仕佳杰,伟仕佳杰控股有限公司,计算机设备
HK0857,中国石油股份,中国石油天然气股份有限公司,油气开采
HK0858,精优药业,精优药业控股有限公司,药品
HK0859,中昌国际控股,镇科集团控股有限公司,地产投资
HK0860,力世纪,奥立仕控股有限公司,珠宝首饰
HK0861,神州控股,神州数码控股有限公司,信息化服务
HK0862,远见控股,远见控股有限公司,信息化服务
HK0863,品牌中国,品牌中国集团有限公司,传媒广告
HK0864,永利地产发展,永利地产发展有限公司,地产投资
HK0865,建德国际控股,建德国际控股有限公司,房地产
HK0866,中国秦发,中国秦发集团有限公司,煤炭
HK0867,康哲药业,康哲药业控股有限公司,医药商业
HK0868,信义玻璃,信义玻璃控股有限公司,电子元器件
HK0869,彩星玩具,彩星玩具有限公司,玩具
HK0871,中国疏浚环保,中国疏浚环保控股有限公司,建筑工程
HK0872,启迪国际,启迪国际有限公司,汽车经销
HK0873,中国泰丰床品,中国泰丰床品控股有限公司,家具家居
HK0874,白云山,广州白云山医药集团股份有限公司,中药
HK0875,中国金控,中国金控投资集团有限公司,蔬菜
HK0876,佳兆业健康,佳兆业健康集团控股有限公司,医疗器械
HK0877,昂纳科技集团,昂纳科技(集团)有限公司,通信设备
HK0878,金朝阳集团,金朝阳集团有限公司,地产投资
HK0880,澳博控股,澳门博彩控股有限公司,博彩
HK0881,中升控股,中升集团控股有限公司,汽车经销
HK0882,天津发展,天津发展控股有限公司,综合
HK0883,中国海洋石油,中国海洋石油有限公司,油气开采
HK0884,旭辉控股集团,旭辉控股(集团)有限公司,房地产
HK0885,仁天科技控股,仁天科技控股有限公司,软件开发
HK0886,银基集团,银基集团控股有限公司,酒
HK0887,英皇钟表珠宝,英皇钟表珠宝有限公司,钟表
HK0888,贝森金融,路讯通控股有限公司,广播
HK0889,连达科技控股,连达科技控股有限公司,电子元器件
HK0891,利邦,利邦控股有限公司,男装
HK0893,中国铁钛,中国钒钛磁铁矿业有限公司,钢铁
HK0894,万裕科技,万裕科技集团有限公司,电子元器件
HK0895,东江环保,东江环保股份有限公司,环保工程
HK0896,兴胜创建,兴胜创建控股有限公司,房屋建筑
HK0897,位元堂,位元堂药业控股有限公司,保健品
HK0898,万事昌国际,万事昌国际控股有限公司,地产投资
HK0899,亚洲资源,亚洲资源控股有限公司,地产投资
HK0900,AEON CREDIT,Aeon信贷财务(亚洲)有限公司,信贷
HK0901,鹰力投资,鹰力投资控股有限公司,--
HK0902,华能国际电力股份,华能国际电力股份有限公司,电力
HK0903,冠捷科技,冠捷科技有限公司,计算机设备
HK0904,中绿,中国绿色食品(控股)有限公司,农产品
HK0905,环球大通投资,环球大通投资有限公司,--
HK0906,中粮包装,中粮包装控股有限公司,包装印刷
HK0907,高雅光学,高雅光学国际集团有限公司,眼镜
HK0908,珠海控股投资,珠海控股投资集团有限公司,酒店
HK0909,中大国际,中大国际控股有限公司,汽车零部件
HK0910,中国三迪,中国三迪控股有限公司,地产投资
HK0911,前海健康,前海健康控股有限公司,医药商业
HK0912,信佳国际,信佳国际集团有限公司,消费电子
HK0913,合一投资,合一投资控股有限公司,--
HK0914,海螺水泥,安徽海螺水泥股份有限公司,水泥
HK0915,道和环球,道和环球集团有限公司,供应链管理
HK0916,龙源电力,龙源电力集团股份有限公司,新能源
HK0918,国能国际资产,国能集团国际资产控股有限公司,服装配套
HK0919,现代美容,现代美容控股有限公司,美容保健
HK0921,海信家电,海信科龙电器股份有限公司,家电
HK0922,安贤园中国,安贤园中国控股有限公司,其他服务
HK0923,综合环保集团,综合环保集团有限公司,纸制品
HK0925,北京建设,北京建设(控股)有限公司,建筑工程
HK0926,碧生源,碧生源控股有限公司,保健品
HK0927,富士高实业,富士高实业控股有限公司,消费电子
HK0928,莲和医疗,莲和医疗健康集团有限公司,健康管理
HK0929,国际精密,国际精密集团有限公司,电子元器件
HK0931,中国天然气,中国天然气集团有限公司,资产管理
HK0932,顺腾国际控股,顺腾国际(控股)有限公司,保健品
HK0933,光汇石油,光汇石油(控股)有限公司,油气开采
HK0934,中石化冠德,中石化冠德控股有限公司,气油设备与服务
HK0935,龙翔集团,龙翔集团控股有限公司,港口运输
HK0936,鹏程亚洲,鹏程亚洲有限公司,重型机械
HK0938,民生国际,民生国际有限公司,房地产
HK0939,建设银行,中国建设银行股份有限公司,银行
HK0940,中国动物保健品,中国动物保健品有限公司,动物用药
HK0941,中国移动,中国移动有限公司,通信服务
HK0943,意科控股,意科控股有限公司,家具家居
HK0945,宏利金融-S,宏利金融有限公司,--
HK0947,摩比发展,摩比发展有限公司,通信设备
HK0948,阿尔法企业,融达控股有限公司,通信设备
HK0950,李氏大药厂,李氏大药厂控股有限公司,药品
HK0951,超威动力,超威动力控股有限公司,新能源
HK0952,中国通海金融,中国泛海国际金融有限公司,证券
HK0953,邵氏兄弟控股,邵氏兄弟控股有限公司,鞋类
HK0954,常茂生物,常茂生物化学工程股份有限公司,食品添加剂
HK0956,新天绿色能源,新天绿色能源股份有限公司,新能源
HK0958,华能新能源,华能新能源股份有限公司,新能源
HK0959,奥玛仕国际,奥玛仕国际控股有限公司,博彩
HK0960,龙湖集团,龙湖地产有限公司,房地产
HK0963,华熙生物科技,华熙生物科技有限公司,生物医药
HK0966,中国太平,中国太平保险控股有限公司,保险
HK0967,桑德国际,桑德国际有限公司,水务
HK0968,信义光能,信义光能控股有限公司,新能源
HK0969,华联国际,华联国际(控股)有限公司,糖类
HK0970,耀莱集团,耀莱集团有限公司,汽车经销
HK0973,L'OCCITANE,L'Occitane International S.A.,化妆品
HK0974,中国顺客隆,中国顺客隆控股有限公司,超市及便利店
HK0975,MONGOL MINING,Mongolian Mining Corporation,煤炭
HK0976,齐合环保,齐合环保集团有限公司,铜
HK0978,招商局置地,招商局置地有限公司,房地产
HK0979,绿色能源科技集团,绿色能源科技集团有限公司,环保工程
HK0980,联华超市,联华超市股份有限公司,超市及便利店
HK0981,中芯国际,中芯国际集成电路制造有限公司,半导体
HK0982,华金国际资本,华金国际资本控股有限公司,包装印刷
HK0983,瑞安建业,瑞安建业有限公司,房屋建筑
HK0984,永旺,永旺(香港)百货有限公司,超市及便利店
HK0985,中誉集团,中誉集团有限公司,铜
HK0986,中国环保能源,中国环保能源投资有限公司,电商及互联网
HK0987,中国再生能源投资,中国再生能源投资有限公司,新能源
HK0988,丝路物流控股,丝路物流控股有限公司,煤炭
HK0989,广泽国际发展,广泽国际发展有限公司,房地产
HK0990,荣晖国际,荣晖国际集团有限公司,化工用品
HK0991,大唐发电,大唐国际发电股份有限公司,电力
HK0992,联想集团,联想集团有限公司,计算机设备
HK0993,华融金控,华融国际金融控股有限公司,证券
HK0994,恒诚建筑,恒诚建筑控股有限公司,房屋建筑
HK0995,安徽皖通高速公路,安徽皖通高速公路股份有限公司,公路运输
HK0996,嘉年华国际,嘉年华国际控股有限公司,地产投资
HK0997,普汇中金国际,普汇中金国际控股有限公司,地产投资
HK0998,中信银行,中信银行股份有限公司,银行
HK0999,I.T,I.T Ltd.,服装
HK1000,北青传媒,北青传媒股份有限公司,出版
HK1001,沪港联合,沪港联合控股有限公司,钢铁
HK1002,威铖国际,威铖国际集团有限公司,电子元器件
HK1003,欢喜传媒,欢喜传媒集团有限公司,影视
HK1004,中国智慧能源,中国智慧能源集团控股有限公司,资产管理
HK1005,MATRIX HOLDINGS,美力时集团有限公司,玩具
HK1006,长寿花食品,长寿花食品股份有限公司,食用油
HK1007,龙辉国际控股,大庆乳业控股有限公司,乳制品
HK1008,贵联控股,贵联控股国际有限公司,包装印刷
HK1009,国际娱乐,国际娱乐有限公司,地产投资
HK1010,太睿国际控股,太睿国际控股有限公司,半导体
HK1011,泰凌医药,中国泰凌医药集团有限公司,药品
HK1013,伟俊集团控股,伟俊集团控股有限公司,信息化服务
HK1019,康宏环球,康宏环球控股有限公司,保险
HK1020,赛伯乐国际控股,赛伯乐国际控股有限公司,电子元器件
HK1021,麦达斯控股-S,麦达斯控股有限公司,--
HK1022,飞鱼科技,飞鱼科技国际有限公司,软件开发
HK1023,时代集团控股,时代集团控股有限公司,服饰配件
HK1025,嘉艺控股,--,--
HK1026,环球实业科技,环球实业科技控股有限公司,水务
HK1027,中国集成控股,中国集成控股有限公司,家具家居
HK1028,千百度,千百度国际控股有限公司,鞋类
HK1029,铁货,铁江现货有限公司,钢铁
HK1030,新城发展控股,新城发展控股有限公司,房地产
HK1031,金利丰金融,金利丰金融集团有限公司,证券
HK1033,中石化油服,中石化石油工程技术服务股份有限公司,气油设备与服务
HK1034,富汇建筑控股,--,--
HK1035,BBI生命科学,BBI生命科学有限公司,生物医药
HK1036,万科置业海外,万科置业(海外)有限公司,地产投资
HK1037,云智汇科技,云智汇科技服务有限公司,电子元器件
HK1038,长江基建集团,长江基建集团有限公司,电力
HK1039,鑫网易商,鑫网易商集团有限公司,电商及互联网
HK1041,林达控股,林达控股有限公司,资产管理
HK1043,光宇国际集团科技,光宇国际集团科技有限公司,新能源
HK1044,恒安国际,恒安国际集团有限公司,化妆品
HK1045,亚太卫星,亚太卫星控股有限公司,卫星及无线通信
HK1046,寰宇娱乐文化,寰宇国际金融控股有限公司,影视
HK1047,毅兴行,毅兴行有限公司,化工用品
HK1048,煜新控股,煜新控股有限公司,钢铁
HK1049,时富投资,时富投资集团有限公司,家具家居
HK1050,嘉利国际,嘉利国际控股有限公司,计算机设备
HK1051,国际资源,国际资源集团有限公司,贵金属
HK1052,越秀交通基建,越秀交通基建有限公司,公路运输
HK1053,重庆钢铁股份,重庆钢铁股份有限公司,钢铁
HK1055,中国南方航空股份,中国南方航空股份有限公司,航空运输
HK1057,浙江世宝,浙江世宝股份有限公司,汽车零部件
HK1058,粤海制革,粤海制革有限公司,服饰配件
HK1059,看通集团,看通集团有限公司,信息化服务
HK1060,阿里影业,阿里巴巴影业集团有限公司,影视
HK1061,亿胜生物科技,亿胜生物科技有限公司,生物医药
HK1062,国开国际投资,国开国际投资有限公司,--
HK1063,新确科技,新确科技有限公司,通信设备
HK1064,中华国际,中华国际控股有限公司,地产投资
HK1065,天津创业环保股份,天津创业环保集团股份有限公司,水务
HK1066,威高股份,山东威高集团医用高分子制品股份有限公司,医疗器械
HK1068,雨润食品,中国雨润食品集团有限公司,肉制品
HK1069,中国农林低碳,中国农林低碳控股有限公司,林业及木材
HK1070,TCL电子,TCL多媒体科技控股有限公司,消费电子
HK1071,华电国际电力股份,华电国际电力股份有限公司,电力
HK1072,东方电气,东方电气股份有限公司,环保工程
HK1073,浩伦农科,浩伦农业科技集团有限公司,化肥
HK1075,首都信息,首都信息发展股份有限公司,信息化服务
HK1076,博华太平洋,博华太平洋国际控股有限公司,博彩
HK1079,松景科技,松景科技控股有限公司,计算机设备
HK1080,胜利管道,胜利油气管道控股有限公司,其他金属矿物
HK1082,香港教育国际,香港教育(国际)投资集团有限公司,教育
HK1083,港华燃气,港华燃气有限公司,燃气
HK1085,亨鑫科技,亨鑫科技有限公司,通信设备
HK1086,好孩子国际,好孩子国际控股有限公司,家具家居
HK1087,威讯控股,威讯控股有限公司,通信设备
HK1088,中国神华,中国神华能源股份有限公司,煤炭
HK1089,乐游科技控股,乐游科技控股有限公司,游戏
HK1090,大明国际,大明国际控股有限公司,钢铁
HK1091,中信大锰,中信大锰控股有限公司,其他金属矿物
HK1093,石药集团,石药集团有限公司,药品
HK1094,中国公共采购,中国公共采购有限公司,电商及互联网
HK1096,中能国际控股,中能国际控股集团有限公司,鞋类
HK1097,有线宽频,有线宽频有限公司,有线电视
HK1098,路劲,路劲基建有限公司,房地产
HK1099,国药控股,国药控股股份有限公司,医药商业
HK1100,飞达控股,飞达帽业控股有限公司,服饰配件
HK1101,华荣能源,中国华荣能源股份有限公司,综合
HK1102,环能国际,环能国际控股有限公司,新能源
HK1103,大生农业金融,上海大生农业金融科技股份有限公司,油气开采
HK1104,亚太资源,亚太资源有限公司,钢铁
HK1105,星岛,星岛新闻集团有限公司,出版
HK1106,铭霖控股,中国海景控股有限公司,包装印刷
HK1107,当代置业,当代置业(中国)有限公司,房地产
HK1108,洛阳玻璃股份,洛阳玻璃股份有限公司,电子元器件
HK1109,华润置地,华润置地有限公司,房地产
HK1110,金活医药集团,金活医药集团有限公司,医药商业
HK1111,创兴银行,创兴银行有限公司,银行
HK1112,H&H国际控股,健合(H&H)国际控股有限公司,乳制品
HK1113,长实集团,长江实业集团有限公司,房地产
HK1114,BRILLIANCE CHI,华晨中国汽车控股有限公司,汽车制造
HK1115,西藏水资源,西藏水资源有限公司,瓶装水
HK1116,MAYER HOLDINGS,美亚控股有限公司,钢铁
HK1117,现代牧业,中国现代牧业控股有限公司,乳制品
HK1118,高力集团,高力集团有限公司,钢铁
HK1119,创梦天地,--,--
HK1120,雅视光学,雅视光学集团有限公司,眼镜
HK1121,宝峰时尚,宝峰时尚国际控股有限公司,鞋类
HK1122,庆铃汽车股份,庆铃汽车股份有限公司,汽车制造
HK1123,中港照相,中港照相器材集团有限公司,消费电子
HK1124,沿海家园,沿海绿色家园有限公司,房地产
HK1125,丽丰控股,丽丰控股有限公司,地产投资
HK1126,德林国际,德林国际有限公司,玩具
HK1127,狮子山集团,狮子山集团有限公司,包装印刷
HK1128,永利澳门,永利澳门有限公司,博彩
HK1129,中国水业集团,中国水业集团有限公司,水务
HK1130,中国环境资源,中国环境资源集团有限公司,综合
HK1131,鸿宝资源,鸿宝资源有限公司,煤炭
HK1132,橙天嘉禾,橙天嘉禾娱乐(集团)有限公司,影视
HK1133,哈尔滨电气,哈尔滨电气股份有限公司,环保工程
HK1135,ASIA SATELLITE,亚洲卫星控股有限公司,卫星及无线通信
HK1136,台泥国际集团,台泥国际集团有限公司,水泥
HK1137,香港电视,香港电视网络有限公司,电商及互联网
HK1138,中远海能,中远海运能源运输股份有限公司,港口运输
HK1139,华多利集团,华多利集团有限公司,汽车经销
HK1140,东英金融,东英金融投资有限公司,--
HK1141,民银资本,民银资本控股有限公司,证券
HK1142,西伯利亚矿业,西伯利亚矿业集团有限公司,煤炭
HK1143,华夏健康产业,华夏健康产业集团有限公司,消费电子
HK1145,勇利投资,勇利投资集团有限公司,港口运输
HK1146,中国服饰控股,中国服饰控股有限公司,男装
HK1148,新晨动力,新晨中国动力控股有限公司,汽车零部件
HK1149,中国安芯,中国安芯控股有限公司,信息化服务
HK1150,米兰站,米兰站控股有限公司,服饰配件
HK1151,依利安达,依利安达集团有限公司,电子元器件
HK1152,正乾金融控股,新融宇集团(控股)有限公司,其他金属矿物
HK1155,星辰通信,星辰通信国际控股有限公司,通信设备
HK1157,中联重科,中联重科股份有限公司,重型机械
HK1158,开元酒店,--,--
HK1159,星光文化,星光文化娱乐集团有限公司,博彩
HK1160,大唐投资国际,大唐投资国际有限公司,--
HK1161,奥思集团,奥思集团有限公司,美容保健
HK1163,德金资源,德金资源集团有限公司,贵金属
HK1164,中广核矿业,中广核矿业有限公司,其他金属矿物
HK1165,顺风清洁能源,顺风国际清洁能源有限公司,新能源
HK1166,星凯控股,星凯控股有限公司,电子元器件
HK1168,百仕达控股,百仕达控股有限公司,地产投资
HK1169,海尔电器,海尔电器集团有限公司,家电
HK1170,信星集团,信星鞋业集团有限公司,鞋类
HK1171,兖州煤业股份,兖州煤业股份有限公司,煤炭
HK1172,融太集团,勤达集团国际有限公司,包装印刷
HK1173,威高国际,威高国际控股有限公司,化妆品
HK1174,太平洋恩利,太平洋恩利国际控股有限公司,渔业
HK1175,鲜驰达控股,鲜驰达控股集团有限公司,包装食品
HK1176,珠光控股,珠光控股集团有限公司,房地产
HK1177,中国生物制药,中国生物制药有限公司,中药
HK1178,汇银控股集团,汇银控股集团有限公司,化妆品
HK1180,汇彩控股,汇彩控股有限公司,博彩
HK1181,唐宫中国,唐宫(中国)控股有限公司,餐饮
HK1182,胜龙国际,胜龙国际控股有限公司,博彩
HK1183,澳能建设,--,--
HK1184,S.A.S. DRAGON,时捷集团有限公司,电子元器件
HK1185,中国航天万源,中国航天万源国际(集团)有限公司,环保工程
HK1186,中国铁建,中国铁建股份有限公司,建筑工程
HK1187,汉唐国际控股,汉唐国际控股有限公司,电子元器件
HK1188,正道集团,正道集团有限公司,汽车制造
HK1189,珀丽酒店,珀丽酒店控股有限公司,酒店
HK1190,航标控股,航标控股有限公司,家具家居
HK1191,中国中石控股,中国中石控股有限公司,房地产
HK1192,泰山石化,泰山石化集团有限公司,气油设备与服务
HK1193,华润燃气,华润燃气控股有限公司,燃气
HK1194,麦盛资本,麦盛资本集团有限公司,贵金属
HK1195,京维集团,京维集团有限公司,房地产
HK1196,伟禄集团,伟禄集团控股有限公司,汽车零部件
HK1197,中国恒石,中国恒石基业有限公司,新能源
HK1198,皇朝家俬,皇朝家俬控股有限公司,家具家居
HK1199,中远海运港口,中远海运港口有限公司,港口运输
HK1200,美联集团,美联集团有限公司,房地产服务
HK1201,天臣控股,天臣控股有限公司,包装印刷
HK1202,成都普天电缆股份,成都普天电缆股份有限公司,通信设备
HK1203,广南(集团),广南(集团)有限公司,钢铁
HK1205,中信资源,中信资源控股有限公司,其他金属矿物
HK1206,同方泰德,同方泰德国际科技有限公司,信息化服务
HK1207,上置集团,上置集团有限公司,房地产
HK1208,五矿资源,五矿资源有限公司,其他金属矿物
HK1210,克莉丝汀,克莉丝汀国际控股有限公司,烘焙食品
HK1211,比亚迪股份,比亚迪股份有限公司,汽车制造
HK1212,利福国际,利福国际集团有限公司,百货商城
HK1213,万保刚集团,万保刚集团有限公司,电子元器件
HK1215,开源控股,开源控股有限公司,酒店
HK1216,中原银行,中原银行股份有限公司,银行
HK1217,中国创新投资,中国创新投资有限公司,--
HK1218,永义国际,永义国际集团有限公司,房地产
HK1219,天喔国际,天喔国际控股有限公司,酒
HK1220,志道国际,志道国际(控股)有限公司,铝
HK1221,SINO HOTELS,信和酒店(集团)有限公司,酒店
HK1222,WANG ON GROUP,宏安集团有限公司,房地产
HK1223,新沣集团,新沣集团有限公司,服装配套
HK1224,中渝置地,中渝置地控股有限公司,房地产
HK1225,隆成金融,隆成金融集团有限公司,综合
HK1226,中国投融资,中国投融资集团有限公司,--
HK1227,国盛投资,国盛投资基金有限公司,--
HK1228,奇峰国际,奇峰国际集团有限公司,煤炭
HK1229,南南资源,南南资源实业有限公司,煤炭
HK1230,雅士利国际,雅士利国际控股有限公司,乳制品
HK1231,新矿资源,新矿资源有限公司,其他金属矿物
HK1232,金轮天地控股,金轮天地控股有限公司,房地产
HK1233,时代中国控股,时代中国控股有限公司,房地产
HK1234,中国利郎,中国利郎有限公司,男装
HK1235,专业旅运,专业旅运(亚洲)企业有限公司,旅游服务
HK1236,国农控股,国农控股有限公司,软件开发
HK1237,中科生物,中科生物控股有限公司,家具家居
HK1238,宝龙地产,宝龙地产控股有限公司,房地产
HK1239,TEAMWAY INTL GP,Teamway International Group Holdings Limited,包装印刷
HK1240,青建国际,青建国际控股有限公司,房地产
HK1241,双桦控股,双桦控股有限公司,汽车零部件
HK1243,宏安地产,宏安地产有限公司,房地产
HK1245,NIRAKU,"Niraku Gc Holdings, Inc.",博彩
HK1246,保集健康,保集健康控股有限公司,建筑工程
HK1247,米格国际控股,米格国际控股有限公司,童装
HK1249,通力电子,通力电子控股有限公司,消费电子
HK1250,北控清洁能源集团,北控清洁能源集团有限公司,新能源
HK1251,华油能源,华油能源集团有限公司,气油设备与服务
HK1252,中国天瑞水泥,中国天瑞集团水泥有限公司,--
HK1253,中国绿地博大绿泽,中国绿地博大绿泽集团有限公司,园林工程
HK1255,港大零售,港大零售国际控股有限公司,鞋类
HK1257,中国光大绿色环保,中国光大绿色环保有限公司,新能源
HK1258,中国有色矿业,中国有色矿业有限公司,铜
HK1259,中国儿童护理,中国儿童护理有限公司,化妆品
HK1260,皓天财经集团,皓天财经集团控股有限公司,传媒广告
HK1262,蜡笔小新食品,蜡笔小新休闲食品集团有限公司,休闲食品
HK1263,栢能集团,栢能集团有限公司,计算机设备
HK1265,天津津燃公用,天津津燃公用事业股份有限公司,燃气
HK1266,西王特钢,西王特钢有限公司,钢铁
HK1268,美东汽车,中国美东汽车控股有限公司,汽车经销
HK1269,首控集团,中国首控集团有限公司,汽车零部件
HK1270,朗廷-SS,朗廷酒店投资有限公司,--
HK1271,佳明集团控股,佳明集团控股有限公司,房屋建筑
HK1272,大唐环境,大唐环境产业集团股份有限公司,环保工程
HK1273,香港信贷,香港信贷集团有限公司,信贷
HK1277,力量能源,力量矿业能源有限公司,煤炭
HK1278,中国新城镇,中国新城镇发展有限公司,房地产
HK1280,汇银智慧社区,汇银智慧社区有限公司,家电
HK1281,隆基泰和智慧能源,隆基泰和智慧能源控股有限公司,建筑材料
HK1282,中国金洋,中国金洋集团有限公司,计算机设备
HK1285,嘉士利集团,嘉士利集团有限公司,休闲食品
HK1288,农业银行,中国农业银行股份有限公司,银行
HK1289,盛力达科技,无锡盛力达科技股份有限公司,电子元器件
HK1290,中国汇融,中国汇融金融控股有限公司,信贷
HK1292,长安民生物流,重庆长安民生物流股份有限公司,物流
HK1293,广汇宝信,广汇宝信汽车集团有限公司,汽车经销
HK1296,国电科环,国电科技环保集团股份有限公司,环保工程
HK1297,中国擎天软件,中国擎天软件科技集团有限公司,信息化服务
HK1298,云能国际,天美(控股)有限公司,医疗器械
HK1299,友邦保险,友邦保险控股有限公司,保险
HK1300,俊知集团,俊知集团有限公司,通信设备
HK1301,德基科技控股,德基科技控股有限公司,重型机械
HK1302,先健科技,先健科技公司,医疗器械
HK1303,汇力资源,汇力资源(集团)有限公司,其他金属矿物
HK1305,伟志控股,伟志控股有限公司,电子元器件
HK1308,海丰国际,海丰国际控股有限公司,港口运输
HK1310,香港宽频,香港宽频有限公司,通信服务
HK1312,同方康泰,同方康泰产业集团有限公司,水泥
HK1313,华润水泥控股,华润水泥控股有限公司,水泥
HK1314,翠华控股,翠华控股有限公司,餐饮
HK1315,允升国际,允升国际控股有限公司,建筑装饰
HK1316,耐世特,耐世特汽车系统集团有限公司,汽车零部件
HK1317,枫叶教育,中国枫叶教育集团有限公司,教育
HK1318,格菱控股,格菱控股有限公司,环保工程
HK1319,霭华押业信贷,霭华押业信贷控股有限公司,信贷
HK1321,中国新城市,中国新城市商业发展有限公司,房地产
HK1322,创达科技控股,创达科技控股有限公司,电子元器件
HK1323,NEWTREE GROUP,友川集团控股有限公司,综合
HK1326,传递娱乐,天马影视文化控股有限公司,影视
HK1327,时间由你,时间由你国际控股有限公司,钟表
HK1328,精英国际,精英国际有限公司,其他服务
HK1329,首创钜大,首创钜大有限公司,房地产
HK1330,绿色动力环保,绿色动力环保集团股份有限公司,新能源
HK1332,中国透云,中国透云科技集团有限公司,包装印刷
HK1333,中国忠旺,中国忠旺控股有限公司,铝
HK1335,顺泰控股,顺泰控股集团有限公司,包装印刷
HK1336,新华保险,新华人寿保险股份有限公司,保险
HK1337,雷蛇,雷蛇,--
HK1338,霸王集团,霸王国际(集团)控股有限公司,化妆品
HK1339,中国人民保险集团,中国人民保险集团股份有限公司,保险
HK1340,惠生国际,惠生国际控股有限公司,肉制品
HK1341,昊天国际建投,昊天国际建设投资集团有限公司,重型机械
HK1345,中国先锋医药,中国先锋医药控股有限公司,医药商业
HK1347,华虹半导体,华虹半导体有限公司,半导体
HK1348,滉达富控股,滉达富控股有限公司,玩具
HK1349,复旦张江,上海复旦张江生物医药股份有限公司,生物医药
HK1353,诺奇,福建诺奇股份有限公司,男装
HK1355,朸浚国际,朸浚国际集团控股有限公司,酒店
HK1357,美图公司,美图公司,电商及互联网
HK1358,普华和顺,普华和顺集团公司,医疗器械
HK1359,中国信达,中国信达资产管理股份有限公司,资产管理
HK1360,MEGAEXPO HLDG,Mega Expo Holdings Limited,传媒广告
HK1361,361度,361度国际有限公司,鞋类
HK1362,新龙移动,新龙移动集团有限公司,通信设备
HK1363,中滔环保,中滔环保集团有限公司,水务
HK1365,润东汽车,中国润东汽车集团有限公司,汽车经销
HK1366,江南集团,江南集团有限公司,电子元器件
HK1367,广州基金国际控股,广州基金国际控股有限公司,服装配套
HK1368,特步国际,特步国际控股有限公司,体育服装
HK1369,五洲国际,五洲国际控股有限公司,房地产
HK1370,奥威控股,奥威控股有限公司,钢铁
HK1371,华彩控股,华彩控股有限公司,彩票
HK1372,比速科技,比速科技集团国际有限公司,汽车零部件
HK1373,国际家居零售,国际家居零售有限公司,家具家居
HK1375,中州证券,中原证券股份有限公司,证券
HK1378,中国宏桥,中国宏桥集团有限公司,铝
HK1380,中国金石,中国金石矿业控股有限公司,其他金属矿物
HK1381,粤丰环保,粤丰环保电力有限公司,新能源
HK1382,互太纺织,互太纺织控股有限公司,纺织品
HK1383,太阳城集团,太阳城集团控股有限公司,房地产
HK1385,上海复旦,上海复旦微电子集团股份有限公司,半导体
HK1386,国投集团控股,国投集团控股有限公司,鞋类
HK1387,人和商业,人和商业控股有限公司,地产投资
HK1388,安莉芳控股,安莉芳控股有限公司,内衣
HK1389,美捷汇控股,美捷汇控股有限公司,葡萄酒
HK1393,恒鼎实业,恒鼎实业国际发展有限公司,煤炭
HK1395,强泰环保,强泰环保控股有限公司,水务
HK1396,毅德国际,毅德国际控股有限公司,房地产
HK1397,碧瑶绿色集团,碧瑶绿色集团有限公司,其他服务
HK1398,工商银行,中国工商银行股份有限公司,银行
HK1399,飞毛腿,飞毛腿集团有限公司,新能源
HK1400,满地科技股份,宏太控股有限公司,纺织品
HK1415,高伟电子,高伟电子控股有限公司,电子元器件
HK1417,浦江中国,浦江中国控股有限公司,--
HK1418,盛诺集团,盛诺集团有限公司,家具家居
HK1419,盈健医疗,盈健医疗集团有限公司,医院
HK1420,川控股,川控股有限公司,房屋建筑
HK1421,工盖有限公司,工盖有限公司,建筑工程
HK1428,耀才证券金融,耀才证券金融集团有限公司,证券
HK1430,苏创燃气,苏创燃气股份有限公司,燃气
HK1431,原生态牧业,原生态牧业有限公司,乳制品
HK1432,中国圣牧,中国圣牧有机奶业有限公司,乳制品
HK1439,移动互联(中国),移动互联(中国)控股有限公司,包装印刷
HK1443,富临集团控股,富临集团控股有限公司,餐饮
HK1446,鸿福堂,鸿福堂集团控股有限公司,饮料
HK1447,新福港,新福港建设集团有限公司,房屋建筑
HK1448,福寿园,福寿园国际集团有限公司,其他服务
HK1450,世纪睿科,世纪睿科控股有限公司,信息化服务
HK1451,万成集团股份,--,--
HK1452,迪诺斯环保,迪诺斯环保科技控股有限公司,环保工程
HK1456,国联证券,国联证券股份有限公司,证券
HK1458,周黑鸭,周黑鸭国际控股有限公司,休闲食品
HK1459,巨匠建设,巨匠建设集团股份有限公司,房屋建筑
HK1460,扬科集团,扬科集团有限公司,信息化服务
HK1461,鲁证期货,鲁证期货股份有限公司,证券
HK1462,金诚控股,金诚控股有限公司,房屋建筑
HK1466,钱唐控股,钱唐控股有限公司,珠宝首饰
HK1468,英裘控股,英裘(控股)有限公司,纺织品
HK1469,结好金融,结好金融集团有限公司,证券
HK1470,富一国际控股,富一国际控股有限公司,钟表
HK1475,日清食品,日清食品有限公司,--
HK1476,恒投证券,恒泰证券股份有限公司,证券
HK1478,丘钛科技,丘钛科技(集团)有限公司,消费电子
HK1480,恩达集团控股,恩达集团控股有限公司,电子元器件
HK1483,誉宴集团,誉宴集团控股有限公司,餐饮
HK1486,思城控股,思城控股有限公司,房屋建筑
HK1488,百福控股,百福控股有限公司,服饰配件
HK1492,中地乳业,中国中地乳业控股有限公司,乳制品
HK1495,集一家居,集一家居国际控股有限公司,建筑材料
HK1496,亚积邦租赁,亚积邦租赁控股有限公司,建筑工程
HK1498,培力控股,培力控股有限公司,中药
HK1499,前进控股集团,前进控股集团有限公司,房屋建筑
HK1500,现恒建筑,现恒建筑控股有限公司,房屋建筑
HK1508,中国再保险,中国再保险(集团)股份有限公司,保险
HK1509,和美医疗,和美医疗控股有限公司,医院
HK1513,丽珠医药,丽珠医药集团股份有限公司,药品
HK1515,华润医疗,华润凤凰医疗控股有限公司,医院
HK1518,新世纪医疗,新世纪医疗控股有限公司,医院
HK1520,华信金融投资,香港华信金融投资有限公司,服装
HK1522,京投交通科技,京投轨道交通科技控股有限公司,信息化服务
HK1523,珩湾科技,珩湾科技有限公司,计算机设备
HK1526,瑞慈医疗,瑞慈医疗服务控股有限公司,医院
HK1527,天洁环境,浙江天洁环境科技股份有限公司,环保工程
HK1528,红星美凯龙,红星美凯龙家居集团股份有限公司,地产投资
HK1530,三生制药,三生制药,生物医药
HK1532,中国派对文化,中国派对文化控股有限公司,内衣
HK1533,庄园牧场,兰州庄园牧场股份有限公司,乳制品
HK1536,煜荣集团,煜荣集团控股有限公司,电子元器件
HK1538,中奥到家,中奥到家集团有限公司,物业管理
HK1539,汇能集团,汇能集团控股国际有限公司,家具家居
HK1540,澳狮环球,--,--
HK1543,中盈盛达融资担保,广东中盈盛达融资担保投资股份有限公司,信贷
HK1546,德莱建业,德莱建业集团有限公司,--
HK1547,IBI GROUP HLDGS,IBI Group Holdings Limited,建筑装饰
HK1548,金斯瑞生物科技,金斯瑞生物科技股份有限公司,生物医药
HK1549,永丰集团控股,永丰集团控股有限公司,港口运输
HK1551,广州农商银行,广州农村商业银行股份有限公司,银行
HK1552,BHCC HOLDING,BHCC Holding Limited,房屋建筑
HK1555,MI能源,MI能源控股有限公司,油气开采
HK1556,建业建荣,建业建荣控股有限公司,房屋建筑
HK1557,剑虹集团控股,剑虹集团控股有限公司,建筑工程
HK1558,东阳光药,宜昌东阳光长江药业股份有限公司,药品
HK1559,均安控股,均安控股有限公司,建筑工程
HK1560,星星地产,星星地产集团(开曼群岛)有限公司,房地产
HK1561,万辉化工,万辉化工控股有限公司,化工用品
HK1563,友联租赁,--,--
HK1565,成实外教育,成实外教育有限公司,教育
HK1566,华夏动漫,华夏动漫形象有限公司,动漫
HK1568,承达集团,承达集团有限公司,建筑装饰
HK1569,民生教育,民生教育集团有限公司,教育
HK1570,伟业控股,伟业控股有限公司,房地产
HK1571,信邦控股,信邦控股有限公司,汽车零部件
HK1572,中国艺术金融,中国艺术金融控股有限公司,信贷
HK1573,南方能源,中国优质能源集团有限公司,煤炭
HK1575,慕容控股,慕容控股有限公司,家具家居
HK1576,齐鲁高速,--,--
HK1577,汇鑫小贷,泉州汇鑫小额贷款股份有限公司,信贷
HK1578,天津银行,天津银行股份有限公司,银行
HK1579,颐海国际,颐海国际控股有限公司,食品添加剂
HK1580,大森控股,大森控股集团有限公司,林业及木材
HK1581,进昇集团控股,进升集团控股有限公司,房屋建筑
HK1583,亲亲食品,亲亲食品集团(开曼)股份有限公司,休闲食品
HK1585,雅迪控股,雅迪集团控股有限公司,汽车制造
HK1586,中国力鸿,中国力鸿检验控股有限公司,其他服务
HK1587,欣融国际,--,--
HK1588,畅捷通,畅捷通信息技术股份有限公司,软件开发
HK1589,中国物流资产,中国物流资产控股有限公司,地产投资
HK1591,汛和集团,汛和集团控股有限公司,房屋建筑
HK1592,基石控股,--,--
HK1596,翼辰实业,河北翼辰实业集团股份有限公司,轨道交通装备
HK1598,21世纪教育,--,--
HK1599,城建设计,北京城建设计发展集团股份有限公司,建筑工程
HK1600,天伦燃气,中国天伦燃气控股有限公司,燃气
HK1606,国银租赁,国银金融租赁股份有限公司,融资租赁
HK1608,伟能集团,伟能集团国际控股有限公司,电力
HK1609,创建集团控股,创建集团(控股)有限公司,房屋建筑
HK1610,中粮肉食,中粮肉食控股有限公司,肉制品
HK1611,桐成控股,桐成控股有限公司,电子元器件
HK1612,永胜医疗,永胜医疗控股有限公司,医疗器械
HK1613,协同通信,协同通信集团有限公司,通信设备
HK1615,奥邦建筑,--,--
HK1616,星宏传媒,星宏传媒控股有限公司,纺织品
HK1617,南方通信,南方通信控股有限公司,通信设备
HK1618,中国中冶,中国冶金科工股份有限公司,建筑工程
HK1619,天合化工,天合化工集团有限公司,化工用品
HK1620,加达控股,--,--
HK1621,域高国际控股,--,--
HK1622,力高集团,力高地产集团有限公司,房地产
HK1623,海隆控股,海隆控股有限公司,气油设备与服务
HK1626,旅业国际,旅业国际控股有限公司,包装印刷
HK1627,安保工程控股,安保工程控股有限公司,建筑装饰
HK1628,禹洲地产,禹洲地产股份有限公司,房地产
HK1629,盟科控股,盟科控股有限公司,包装印刷
HK1630,建成控股,建成控股有限公司,房屋建筑
HK1631,REF HOLDINGS,REF Holdings Limited,包装印刷
HK1632,民商创科,膳源控股有限公司,餐饮
HK1633,上谕集团,上谕集团控股有限公司,房屋建筑
HK1635,大众公用,上海大众公用事业(集团)股份有限公司,燃气
HK1636,中国金属利用,中国金属资源利用有限公司,铜
HK1637,顺兴集团控股,顺兴集团(控股)有限公司,房屋建筑
HK1638,佳兆业集团,佳兆业集团控股有限公司,房地产
HK1639,安捷利实业,安捷利实业有限公司,电子元器件
HK1647,雄岸科技,SHIS Limited,房屋建筑
HK1649,内蒙古能建,内蒙古能源建设投资股份有限公司,建筑工程
HK1651,津上机床中国,津上精密机床(中国)有限公司,电子元器件
HK1652,福森药业,--,--
HK1653,MOS HOUSE,--,--
HK1655,OKURA HOLDINGS,Okura Holdings Limited,博彩
HK1656,亿仕登控股,亿仕登控股有限公司,电子元器件
HK1658,邮储银行,中国邮政储蓄银行股份有限公司,银行
HK1659,海天能源,--,--
HK1660,兆邦基地产,善乐国际控股有限公司,重型机械
HK1661,智美体育,智美体育集团,体育赛事
HK1662,义合控股,义合控股有限公司,建筑工程
HK1663,汉港控股,汉港控股集团有限公司,房地产
HK1665,槟杰科达,槟杰科达国际有限公司,--
HK1666,同仁堂科技,北京同仁堂科技发展股份有限公司,中药
HK1667,进阶发展,进阶发展集团有限公司,建筑装饰
HK1668,华南城,华南城控股有限公司,地产投资
HK1669,环球信贷集团,环球信贷集团有限公司,信贷
HK1671,天保能源,--,--
HK1672,歌礼制药-B,--,--
HK1673,华章科技,华章科技控股有限公司,电子元器件
HK1675,亚信科技,--,--
HK1676,中国升海食品,中国升海食品控股有限公司,海产品
HK1678,中创环球,中创环球控股有限公司,家具家居
HK1679,瑞斯康集团,瑞斯康集团控股有限公司,电子元器件
HK1680,澳门励骏,澳门励骏创建有限公司,博彩
HK1681,康臣药业,康臣药业集团有限公司,药品
HK1682,华隆金控,华隆金控有限公司,服装
HK1683,皇中国际,皇中国际控股有限公司,建筑装饰
HK1685,博耳电力,博耳电力控股有限公司,环保工程
HK1686,新意网集团,新意网集团有限公司,--
HK1689,华禧控股,华禧控股有限公司,包装印刷
HK1690,立基工程控股,--,--
HK1693,璋利国际,璋利国际控股有限公司,房屋建筑
HK1695,椰丰集团,椰丰集团有限公司,食品添加剂
HK1696,复锐医疗科技,Sisram Medical Ltd,医疗器械
HK1697,山东国信,山东省国际信托股份有限公司,--
HK1698,博士蛙国际,博士蛙国际控股有限公司,童装
HK1699,普甜食品,中国普甜食品控股有限公司,肉制品
HK1700,华地国际控股,华地国际控股有限公司,百货商城
HK1702,东光化工,东光化工有限公司,化工用品
HK1703,首沣控股,--,--
HK1705,宾仕国际,--,--
HK1706,双运控股,双运控股有限公司,--
HK1707,致浩达控股,致浩达控股有限公司,--
HK1708,三宝科技,南京三宝科技股份有限公司,信息化服务
HK1709,云裳衣,云裳衣控股有限公司,服装配套
HK1710,致丰工业电子,致丰工业电子集团有限公司,--
HK1711,欧化,欧化国际有限公司,--
HK1712,龙资源,--,--
HK1713,四川能投发展,--,--
HK1715,米技国际控股,--,--
HK1716,毛记葵涌,--,--
HK1717,澳优,澳优乳业股份有限公司,乳制品
HK1718,宏基集团控股,宏基集团控股有限公司,建筑工程
HK1719,中国通商集团,--,--
HK1720,普天通信集团,普天通信集团有限公司,--
HK1721,FSM HOLDINGS,--,--
HK1722,建鹏控股,建鹏控股有限公司,--
HK1723,港亚控股,--,--
HK1725,恒达科技控股,--,--
HK1726,HKE HOLDINGS,--,--
HK1727,河北建设,河北建设集团股份有限公司,--
HK1728,正通汽车,中国正通汽车服务控股有限公司,汽车经销
HK1729,汇聚科技,--,--
HK1730,LHN,贤能集团有限公司,--
HK1731,其利工业集团,--,--
HK1733,易大宗,易大宗控股有限公司,煤炭
HK1735,泓盈控股,--,--
HK1736,中国育儿网络,--,--
HK1737,亚洲实业集团,--,--
HK1738,飞尚无烟煤,飞尚无烟煤资源有限公司,煤炭
HK1739,齐屹科技,--,--
HK1741,成志控股,--,--
HK1742,HPC HOLDINGS,--,--
HK1743,苍南仪表,--,--
HK1746,万顺集团控股,--,--
HK1748,信源企业集团,--,--
HK1749,杉杉品牌,--,--
HK1750,全达电器集团控股,--,--
HK1751,景联集团,--,--
HK1752,澳洲成峰高教,--,--
HK1755,新城悦,--,--
HK1757,俊裕地基,--,--
HK1758,博骏教育,--,--
HK1759,中油洁能控股,--,--
HK1760,英恒科技,--,--
HK1761,宝宝树集团,--,--
HK1762,万咖壹联,--,--
HK1763,中国同辐,--,--
HK1765,希望教育,--,--
HK1766,中国中车,中国中车股份有限公司,轨道交通装备
HK1767,TS WONDERS,--,--
HK1771,新丰泰集团,新丰泰集团控股有限公司,汽车经销
HK1772,赣锋锂业,--,--
HK1773,天立教育,--,--
HK1775,精英汇集团,--,--
HK1776,广发证券,广发证券股份有限公司,证券
HK1777,花样年控股,花样年控股集团有限公司,房地产
HK1778,彩生活,彩生活服务集团有限公司,物业管理
HK1781,新昌创展控股,--,--
HK1782,飞思达科技,--,--
HK1783,金仑控股有限公司,--,--
HK1785,成都高速,--,--
HK1786,铁建装备,中国铁建高新装备股份有限公司,重型机械
HK1787,山东黄金,--,--
HK1788,国泰君安国际,国泰君安国际控股有限公司,证券
HK1789,爱康医疗,爱康医疗控股有限公司,--
HK1790,达力环保,--,--
HK1793,伟工控股,--,--
HK1796,耀高控股,--,--
HK1798,大唐新能源,中国大唐集团新能源股份有限公司,新能源
HK1799,新特能源,新特能源股份有限公司,新能源
HK1800,中国交通建设,中国交通建设股份有限公司,建筑工程
HK1801,信达生物-B,--,--
HK1803,北京体育文化,北京体育文化产业集团有限公司,体育服务
HK1806,汇付天下,--,--
HK1808,企展控股,企展控股有限公司,信息化服务
HK1809,浦林成山,--,--
HK1810,小米集团-W,--,--
HK1811,中广核新能源,中国广核新能源控股有限公司,新能源
HK1812,晨鸣纸业,山东晨鸣纸业集团股份有限公司,纸制品
HK1813,合景泰富集团,合景泰富地产控股有限公司,房地产
HK1815,金猫银猫,--,--
HK1816,中广核电力,中国广核电力股份有限公司,电力
HK1818,招金矿业,招金矿业股份有限公司,贵金属
HK1819,富贵鸟,富贵鸟股份有限公司,鞋类
HK1820,济丰包装,--,--
HK1822,弘达金融控股,弘达金融控股有限公司,消费电子
HK1823,华昱高速,华昱高速集团有限公司,公路运输
HK1825,STERLING GP,--,--
HK1826,达飞控股,达飞控股有限公司,房屋建筑
HK1827,卓珈控股,--,--
HK1828,大昌行集团,大昌行集团有限公司,汽车经销
HK1829,中国机械工程,中国机械设备工程股份有限公司,建筑工程
HK1830,必瘦站,必瘦站美容科技有限公司,美容保健
HK1831,十方控股,十方控股有限公司,出版
HK1833,平安好医生,银泰商业(集团)有限公司,--
HK1835,瑞威资管,--,--
HK1836,九兴控股,九兴控股有限公司,鞋类
HK1837,五谷磨房,--,--
HK1838,CHINAPROPERTIES,China Properties Group Ltd.,房地产
HK1841,优越集团控股,--,--
HK1845,维港环保科技,--,--
HK1848,中国飞机租赁,中国飞机租赁集团控股有限公司,融资租赁
HK1850,海鑫集团,--,--
HK1851,银杏教育,--,--
HK1856,依波路,依波路控股有限公司,钟表
HK1858,春立医疗,北京市春立正达医疗器械股份有限公司,医疗器械
HK1860,汇量科技,--,--
HK1862,景瑞控股,景瑞控股有限公司,房地产
HK1863,中国龙天集团,中国龙天集团有限公司,化工用品
HK1866,中国心连心化肥,中国心连心化肥有限公司,化肥
HK1868,同方友友,同方友友控股有限公司,家具家居
HK1869,利宝阁集团,--,--
HK1872,冠轈控股,--,--
HK1877,君实生物-B,--,--
HK1878,南戈壁-S,南戈壁资源有限公司,--
HK1880,百丽国际,百丽国际控股有限公司,--
HK1882,海天国际,海天国际控股有限公司,电子元器件
HK1883,中信国际电讯,中信国际电讯集团有限公司,通信服务
HK1884,EPRINT集团,eprint集团有限公司,包装印刷
HK1885,中国优材,中国优材(控股)有限公司,林业及木材
HK1886,汇源果汁,中国汇源果汁集团有限公司,果汁饮料
HK1888,建滔积层板,建滔积层板控股有限公司,电子元器件
HK1889,三爱健康集团,三爱健康产业集团有限公司,药品
HK1890,中国科培,--,--
HK1891,兴合控股,--,--
HK1893,中材股份,中国中材股份有限公司,重型机械
HK1894,恒益控股,--,--
HK1896,猫眼娱乐,--,--
HK1897,美亨实业,--,--
HK1898,中煤能源,中国中煤能源股份有限公司,煤炭
HK1899,兴达国际,兴达国际控股有限公司,汽车零部件
HK1900,中国智能交通,中国智能交通系统(控股)有限公司,信息化服务
HK1902,银城国际控股,--,--
HK1907,中国旭阳集团,--,--
HK1908,建发国际集团,建发国际投资集团有限公司,房地产
HK1910,新秀丽,新秀丽国际有限公司,服饰配件
HK1911,华兴资本控股,--,--
HK1913,普拉达,PRADA S.p.A.,眼镜
HK1916,江西银行,--,--
HK1917,豆盟科技,--,--
HK1918,融创中国,融创中国控股有限公司,房地产
HK1919,中远海控,中远海运控股股份有限公司,港口运输
HK1928,金沙中国有限公司,金沙中国有限公司,博彩
HK1929,周大福,周大福珠宝集团有限公司,珠宝首饰
HK1932,中漆集团,中漆集团有限公司,化工用品
HK1933,元力控股,--,--
HK1938,珠江钢管,珠江石油天然气钢管控股有限公司,气油设备与服务
HK1939,东京中央拍卖,--,--
HK1958,北京汽车,北京汽车股份有限公司,汽车制造
HK1962,训修实业,训修实业集团有限公司,服饰配件
HK1963,重庆银行,重庆银行股份有限公司,银行
HK1966,中骏集团控股,中骏置业控股有限公司,房地产
HK1968,兴纺控股,--,--
HK1969,中国春来,--,--
HK1970,IMAX CHINA,"IMAX China Holding, Inc.",影视
HK1972,太古地产,太古地产有限公司,地产投资
HK1975,新兴印刷,新兴印刷控股有限公司,--
HK1978,叙福楼集团,--,--
HK1979,天宝集团,天宝集团控股有限公司,通信设备
HK1980,天鸽互动,天鸽互动控股有限公司,软件开发
HK1982,南旋控股,南旋控股有限公司,服装
HK1983,泸州银行,--,--
HK1985,美高域,美高域集团有限公司,信息化服务
HK1986,彩客化学,彩客化学集团有限公司,化工用品
HK1988,民生银行,中国民生银行股份有限公司,银行
HK1989,松龄护老集团,松龄护老集团有限公司,其他服务
HK1990,兴华港口,--,--
HK1991,大洋集团,大洋集团控股有限公司,电子元器件
HK1992,复星旅游文化,--,--
HK1993,雅仕维,雅仕维传媒集团有限公司,传媒广告
HK1995,永升生活服务,--,--
HK1996,弘阳地产,--,--
HK1997,九龙仓置业,九龙仓置业地产投资有限公司,--
HK1998,飞克国际,飞克国际控股有限公司,鞋类
HK1999,敏华控股,敏华控股有限公司,家具家居
HK2000,晨讯科技,晨讯科技集团有限公司,通信设备
HK2001,新高教集团,中国新高教集团有限公司,教育
HK2002,阳光纸业,中国阳光纸业控股有限公司,纸制品
HK2003,维信金科,--,--
HK2005,石四药集团,石四药集团有限公司,药品
HK2006,锦江酒店,上海锦江国际酒店(集团)股份有限公司,酒店
HK2007,碧桂园,碧桂园控股有限公司,房地产
HK2008,凤凰卫视,凤凰卫视投资(控股)有限公司,有线电视
HK2009,金隅集团,北京金隅集团股份有限公司,水泥
HK2010,瑞年国际,瑞年国际有限公司,保健品
HK2011,KEE,开易控股有限公司,服饰配件
HK2012,阳光油砂,阳光油砂有限公司,油气开采
HK2013,微盟集团,--,--
HK2014,浩泽净水,浩泽净水国际控股有限公司,家电
HK2016,浙商银行,浙商银行股份有限公司,银行
HK2017,沧海控股,沧海控股有限公司,园林工程
HK2018,瑞声科技,瑞声科技控股有限公司,计算机设备
HK2019,德信中国,--,--
HK2020,安踏体育,安踏体育用品有限公司,鞋类
HK2022,游莱互动,游莱互动集团有限公司,--
HK2023,中国绿岛科技,中国绿岛科技有限公司,家具家居
HK2025,瑞丰动力,瑞丰动力集团有限公司,--
HK2028,映美控股,映美控股有限公司,计算机设备
HK2030,卡宾,卡宾服饰有限公司,男装
HK2031,澳至尊,澳至尊国际控股有限公司,保健品
HK2033,时计宝,时计宝投资有限公司,钟表
HK2038,富智康集团,富智康集团有限公司,通信设备
HK2039,中集集团,中国国际海运集装箱(集团)股份有限公司,港口运输
HK2048,易居企业控股,--,--
HK2051,51信用卡,--,--
HK2066,盛京银行,盛京银行股份有限公司,银行
HK2068,中铝国际,中铝国际工程股份有限公司,建筑工程
HK2078,荣阳实业,荣阳实业集团有限公司,铝
HK2080,奥克斯国际,奥克斯国际控股有限公司,餐饮
HK2083,大自然家居,大自然家居控股有限公司,家具家居
HK2086,海航科技投资,海航科技投资控股有限公司,计算机设备
HK2088,西王置业,西王置业控股有限公司,房地产
HK2098,卓尔智联,卓尔集团股份有限公司,房地产
HK2099,中国黄金国际,中国黄金国际资源有限公司,贵金属
HK2100,百奥家庭互动,百奥家庭互动有限公司,软件开发
HK2108,K2 F&B,--,--
HK2111,超盈国际控股,超盈国际控股有限公司,纺织品
